run_id,iteration,phase,start_time,end_time,latency_ms,management_ms,workload_ms,verdict,error,last_stage,details_json
20260919T060335Z_80e3c0c1,1,normal,1789797816.1605437,1789797816.2074206,46.545,0,46.545,pass,,independent_snapshot,"{""prerequisite_acknowledged"": true, ""client_b_read_v1"": true, ""dependent_acknowledged"": true, ""visible_ids"": [""v1:1"", ""v2:1""], ""snapshot_polls"": 1}"
20260919T060335Z_80e3c0c1,2,normal,1789797816.2074206,1789797816.227613,19.798,0,19.798,pass,,independent_snapshot,"{""prerequisite_acknowledged"": true, ""client_b_read_v1"": true, ""dependent_acknowledged"": true, ""visible_ids"": [""v1:2"", ""v2:2""], ""snapshot_polls"": 1}"
20260919T060335Z_80e3c0c1,3,normal,1789797816.2282665,1789797816.2494762,20.681,0,20.681,pass,,independent_snapshot,"{""prerequisite_acknowledged"": true, ""client_b_read_v1"": true, ""dependent_acknowledged"": true, ""visible_ids"": [""v1:3"", ""v2:3""], ""snapshot_polls"": 1}"
20260919T060335Z_80e3c0c1,4,normal,1789797816.2494762,1789797816.2693527,19.766,0,19.766,pass,,independent_snapshot,"{""prerequisite_acknowledged"": true, ""client_b_read_v1"": true, ""dependent_acknowledged"": true, ""visible_ids"": [""v1:4"", ""v2:4""], ""snapshot_polls"": 1}"
20260919T060335Z_80e3c0c1,5,normal,1789797816.2693527,1789797816.2891936,20.019,0,20.019,pass,,independent_snapshot,"{""prerequisite_acknowledged"": true, ""client_b_read_v1"": true, ""dependent_acknowledged"": true, ""visible_ids"": [""v1:5"", ""v2:5""], ""snapshot_polls"": 1}"
20260919T060335Z_80e3c0c1,6,normal,1789797816.2891936,1789797816.3089018,19.712,0,19.712,pass,,independent_snapshot,"{""prerequisite_acknowledged"": true, ""client_b_read_v1"": true, ""dependent_acknowledged"": true, ""visible_ids"": [""v1:6"", ""v2:6""], ""snapshot_polls"": 1}"
20260919T060335Z_80e3c0c1,7,normal,1789797816.3089018,1789797816.3308556,21.646,0,21.646,pass,,independent_snapshot,"{""prerequisite_acknowledged"": true, ""client_b_read_v1"": true, ""dependent_acknowledged"": true, ""visible_ids"": [""v1:7"", ""v2:7""], ""snapshot_polls"": 1}"
20260919T060335Z_80e3c0c1,8,normal,1789797816.3308556,1789797816.352673,21.902,0,21.902,pass,,independent_snapshot,"{""prerequisite_acknowledged"": true, ""client_b_read_v1"": true, ""dependent_acknowledged"": true, ""visible_ids"": [""v1:8"", ""v2:8""], ""snapshot_polls"": 1}"
20260919T060335Z_80e3c0c1,9,normal,1789797816.353282,1789797816.3733263,20.499,0,20.499,pass,,independent_snapshot,"{""prerequisite_acknowledged"": true, ""client_b_read_v1"": true, ""dependent_acknowledged"": true, ""visible_ids"": [""v1:9"", ""v2:9""], ""snapshot_polls"": 1}"
20260919T060335Z_80e3c0c1,10,normal,1789797816.3738763,1789797816.3926196,19.06,0,19.06,pass,,independent_snapshot,"{""prerequisite_acknowledged"": true, ""client_b_read_v1"": true, ""dependent_acknowledged"": true, ""visible_ids"": [""v1:10"", ""v2:10""], ""snapshot_polls"": 1}"
20260919T060335Z_80e3c0c1,11,normal,1789797816.3926196,1789797816.41472,21.731,0,21.731,pass,,independent_snapshot,"{""prerequisite_acknowledged"": true, ""client_b_read_v1"": true, ""dependent_acknowledged"": true, ""visible_ids"": [""v1:11"", ""v2:11""], ""snapshot_polls"": 1}"
20260919T060335Z_80e3c0c1,12,normal,1789797816.41472,1789797816.4378319,23.004,0,23.004,pass,,independent_snapshot,"{""prerequisite_acknowledged"": true, ""client_b_read_v1"": true, ""dependent_acknowledged"": true, ""visible_ids"": [""v1:12"", ""v2:12""], ""snapshot_polls"": 1}"
20260919T060335Z_80e3c0c1,13,normal,1789797816.4378319,1789797816.4604077,22.571,0,22.571,pass,,independent_snapshot,"{""prerequisite_acknowledged"": true, ""client_b_read_v1"": true, ""dependent_acknowledged"": true, ""visible_ids"": [""v1:13"", ""v2:13""], ""snapshot_polls"": 1}"
20260919T060335Z_80e3c0c1,14,normal,1789797816.4604077,1789797816.480621,20.219,0,20.219,pass,,independent_snapshot,"{""prerequisite_acknowledged"": true, ""client_b_read_v1"": true, ""dependent_acknowledged"": true, ""visible_ids"": [""v1:14"", ""v2:14""], ""snapshot_polls"": 1}"
20260919T060335Z_80e3c0c1,15,normal,1789797816.480621,1789797816.500439,19.834,0,19.834,pass,,independent_snapshot,"{""prerequisite_acknowledged"": true, ""client_b_read_v1"": true, ""dependent_acknowledged"": true, ""visible_ids"": [""v1:15"", ""v2:15""], ""snapshot_polls"": 1}"
20260919T060335Z_80e3c0c1,16,normal,1789797816.500439,1789797816.5224469,21.308,0,21.308,pass,,independent_snapshot,"{""prerequisite_acknowledged"": true, ""client_b_read_v1"": true, ""dependent_acknowledged"": true, ""visible_ids"": [""v1:16"", ""v2:16""], ""snapshot_polls"": 1}"
20260919T060335Z_80e3c0c1,17,normal,1789797816.5224469,1789797816.5429282,20.693,0,20.693,pass,,independent_snapshot,"{""prerequisite_acknowledged"": true, ""client_b_read_v1"": true, ""dependent_acknowledged"": true, ""visible_ids"": [""v1:17"", ""v2:17""], ""snapshot_polls"": 1}"
20260919T060335Z_80e3c0c1,18,normal,1789797816.5429282,1789797816.5661721,23.132,0,23.132,pass,,independent_snapshot,"{""prerequisite_acknowledged"": true, ""client_b_read_v1"": true, ""dependent_acknowledged"": true, ""visible_ids"": [""v1:18"", ""v2:18""], ""snapshot_polls"": 1}"
20260919T060335Z_80e3c0c1,19,normal,1789797816.5661721,1789797816.5896146,23.23,0,23.23,pass,,independent_snapshot,"{""prerequisite_acknowledged"": true, ""client_b_read_v1"": true, ""dependent_acknowledged"": true, ""visible_ids"": [""v1:19"", ""v2:19""], ""snapshot_polls"": 1}"
20260919T060335Z_80e3c0c1,20,normal,1789797816.5896146,1789797816.6120453,22.235,0,22.235,pass,,independent_snapshot,"{""prerequisite_acknowledged"": true, ""client_b_read_v1"": true, ""dependent_acknowledged"": true, ""visible_ids"": [""v1:20"", ""v2:20""], ""snapshot_polls"": 1}"
20260919T060335Z_80e3c0c1,21,normal,1789797816.6120453,1789797816.634165,22.07,0,22.07,pass,,independent_snapshot,"{""prerequisite_acknowledged"": true, ""client_b_read_v1"": true, ""dependent_acknowledged"": true, ""visible_ids"": [""v1:21"", ""v2:21""], ""snapshot_polls"": 1}"
20260919T060335Z_80e3c0c1,22,normal,1789797816.634165,1789797816.656025,21.704,0,21.704,pass,,independent_snapshot,"{""prerequisite_acknowledged"": true, ""client_b_read_v1"": true, ""dependent_acknowledged"": true, ""visible_ids"": [""v1:22"", ""v2:22""], ""snapshot_polls"": 1}"
20260919T060335Z_80e3c0c1,23,normal,1789797816.656025,1789797816.6780372,21.652,0,21.652,pass,,independent_snapshot,"{""prerequisite_acknowledged"": true, ""client_b_read_v1"": true, ""dependent_acknowledged"": true, ""visible_ids"": [""v1:23"", ""v2:23""], ""snapshot_polls"": 1}"
20260919T060335Z_80e3c0c1,24,normal,1789797816.6780372,1789797816.6993349,21.465,0,21.465,pass,,independent_snapshot,"{""prerequisite_acknowledged"": true, ""client_b_read_v1"": true, ""dependent_acknowledged"": true, ""visible_ids"": [""v1:24"", ""v2:24""], ""snapshot_polls"": 1}"
20260919T060335Z_80e3c0c1,25,normal,1789797816.6993349,1789797816.721076,21.762,0,21.762,pass,,independent_snapshot,"{""prerequisite_acknowledged"": true, ""client_b_read_v1"": true, ""dependent_acknowledged"": true, ""visible_ids"": [""v1:25"", ""v2:25""], ""snapshot_polls"": 1}"
20260919T060335Z_80e3c0c1,26,normal,1789797816.721076,1789797816.7439094,22.885,0,22.885,pass,,independent_snapshot,"{""prerequisite_acknowledged"": true, ""client_b_read_v1"": true, ""dependent_acknowledged"": true, ""visible_ids"": [""v1:26"", ""v2:26""], ""snapshot_polls"": 1}"
20260919T060335Z_80e3c0c1,27,normal,1789797816.7445285,1789797816.7664623,22.003,0,22.003,pass,,independent_snapshot,"{""prerequisite_acknowledged"": true, ""client_b_read_v1"": true, ""dependent_acknowledged"": true, ""visible_ids"": [""v1:27"", ""v2:27""], ""snapshot_polls"": 1}"
20260919T060335Z_80e3c0c1,28,normal,1789797816.7664623,1789797816.7880576,21.682,0,21.682,pass,,independent_snapshot,"{""prerequisite_acknowledged"": true, ""client_b_read_v1"": true, ""dependent_acknowledged"": true, ""visible_ids"": [""v1:28"", ""v2:28""], ""snapshot_polls"": 1}"
20260919T060335Z_80e3c0c1,29,normal,1789797816.7880576,1789797816.8111022,22.934,0,22.934,pass,,independent_snapshot,"{""prerequisite_acknowledged"": true, ""client_b_read_v1"": true, ""dependent_acknowledged"": true, ""visible_ids"": [""v1:29"", ""v2:29""], ""snapshot_polls"": 1}"
20260919T060335Z_80e3c0c1,30,normal,1789797816.8116739,1789797816.833793,22.075,0,22.075,pass,,independent_snapshot,"{""prerequisite_acknowledged"": true, ""client_b_read_v1"": true, ""dependent_acknowledged"": true, ""visible_ids"": [""v1:30"", ""v2:30""], ""snapshot_polls"": 1}"
