model,scenario,profile,phase,repeats,attempts_total,eligible_total,violations_total,errors_total,not_observed_total,successful_mr_reads_total,mr_read_regressions_total,violation_rate_mean,violation_rate_sd,violation_rate_n,coverage_mean,coverage_sd,coverage_n,eligible_workload_p50_ms_mean,eligible_workload_p50_ms_sd,eligible_workload_p50_ms_n,eligible_workload_p95_ms_mean,eligible_workload_p95_ms_sd,eligible_workload_p95_ms_n
mr,failure,causal,fault,3,1197,1197,0,0,0,2394,0,0.0,0.0,3,1.0,0.0,3,13.359,0.3092587913059219,3,16.421666666666667,0.8539029999556927,3
mr,failure,causal,normal,3,597,597,0,0,0,1194,0,0.0,0.0,3,1.0,0.0,3,13.118333333333334,0.5280012626247534,3,16.34166666666667,1.964490094994967,3
mr,failure,causal,overall,3,3000,3000,0,0,0,6000,0,0.0,0.0,3,1.0,0.0,3,13.272333333333334,0.46604112837102013,3,16.11,0.7012324864123166,3
mr,failure,causal,recovery,3,1203,1203,0,0,0,2406,0,0.0,0.0,3,1.0,0.0,3,13.305333333333333,0.7054050845672531,3,16.58533333333333,1.2600477504179477,3
mr,failure,causal,transition,3,3,3,0,0,0,6,0,0.0,0.0,3,1.0,0.0,3,18.762666666666668,0.8601495993914857,3,18.762666666666668,0.8601495993914857,3
mr,failure,majority,fault,3,1197,1197,0,0,0,2394,0,0.0,0.0,3,1.0,0.0,3,13.477666666666666,0.515474861980032,3,16.328333333333333,0.560780111392455,3
mr,failure,majority,normal,3,597,597,2,0,0,1194,2,0.0033500837520938024,0.005802515268237445,3,1.0,0.0,3,13.463666666666667,0.22556669375892677,3,15.819333333333333,0.782601005195709,3
mr,failure,majority,overall,3,3000,3000,2,0,0,6000,2,0.0006666666666666666,0.0011547005383792516,3,1.0,0.0,3,13.330666666666666,0.41184260747685286,3,15.944333333333335,0.7335675383584898,3
mr,failure,majority,recovery,3,1203,1203,0,0,0,2406,0,0.0,0.0,3,1.0,0.0,3,13.173,0.4694688488068191,3,15.674666666666667,1.0102996255237013,3
mr,failure,majority,transition,3,3,3,0,0,0,6,0,0.0,0.0,3,1.0,0.0,3,17.219,1.3050735611451172,3,17.219,1.3050735611451172,3
mr,failure,weak,fault,3,1197,1197,49,0,0,2394,49,0.04093567251461988,0.062422285190384764,3,1.0,0.0,3,9.781333333333333,0.13066113933887616,3,17.645333333333333,11.103150108565286,3
mr,failure,weak,normal,3,597,597,1,0,0,1194,1,0.0016750418760469012,0.0029012576341187223,3,1.0,0.0,3,9.42,0.5456271620804809,3,11.181333333333333,1.31801150728411,3
mr,failure,weak,overall,3,3000,3000,50,0,0,6000,50,0.016666666666666666,0.024583192089989724,3,1.0,0.0,3,9.667333333333334,0.34793725487986116,3,13.81,5.043695966253318,3
mr,failure,weak,recovery,3,1203,1203,0,0,0,2406,0,0.0,0.0,3,1.0,0.0,3,9.677333333333333,0.437058729844552,3,11.200333333333333,1.1543597070815201,3
mr,failure,weak,transition,3,3,3,0,0,0,6,0,0.0,0.0,3,1.0,0.0,3,14.879333333333333,3.8617755415525306,3,14.879333333333333,3.8617755415525306,3
mr,normal,causal,normal,3,3000,3000,0,0,0,6000,0,0.0,0.0,3,1.0,0.0,3,12.980666666666666,0.19993082136912563,3,14.963000000000001,0.6314039911182062,3
mr,normal,causal,overall,3,3000,3000,0,0,0,6000,0,0.0,0.0,3,1.0,0.0,3,12.980666666666666,0.19993082136912563,3,14.963000000000001,0.6314039911182062,3
mr,normal,majority,normal,3,3000,3000,1,0,0,6000,1,0.0003333333333333333,0.0005773502691896258,3,1.0,0.0,3,13.324666666666666,0.481279890846619,3,18.715666666666667,4.624515361995604,3
mr,normal,majority,overall,3,3000,3000,1,0,0,6000,1,0.0003333333333333333,0.0005773502691896258,3,1.0,0.0,3,13.324666666666666,0.481279890846619,3,18.715666666666667,4.624515361995604,3
mr,normal,weak,normal,3,3000,3000,4,0,0,6000,4,0.0013333333333333333,0.0015275252316519466,3,1.0,0.0,3,9.455333333333334,0.12609652387490072,3,10.929666666666666,0.5844264995132691,3
mr,normal,weak,overall,3,3000,3000,4,0,0,6000,4,0.0013333333333333333,0.0015275252316519466,3,1.0,0.0,3,9.455333333333334,0.12609652387490072,3,10.929666666666666,0.5844264995132691,3
mr,partition,causal,fault,3,1197,1194,0,3,0,2388,0,0.0,0.0,3,0.9974937343358395,0.0,3,13.671333333333333,0.3580842545174714,3,18.158333333333335,1.573907981215334,3
mr,partition,causal,normal,3,597,597,0,0,0,1194,0,0.0,0.0,3,1.0,0.0,3,13.698666666666666,0.9872144312829575,3,15.570666666666666,0.896083329458446,3
mr,partition,causal,overall,3,3000,2995,0,5,0,5992,0,0.0,0.0,3,0.9983333333333333,0.0011547005383792525,3,13.537333333333333,0.5552678032565308,3,16.51,1.0485590112149155,3
mr,partition,causal,recovery,3,1203,1201,0,2,0,2404,0,0.0,0.0,3,0.99833748960931,0.002879552464786176,3,13.347,0.41893078187213734,3,15.591666666666667,1.0729288575359195,3
mr,partition,causal,transition,3,3,3,0,0,0,6,0,0.0,0.0,3,1.0,0.0,3,17.402,1.1339845677962297,3,17.402,1.1339845677962297,3
mr,partition,majority,fault,3,1197,1194,0,3,0,2388,0,0.0,0.0,3,0.9974937343358395,0.0,3,13.164333333333333,0.6123580107529693,3,17.005666666666666,1.2162632664572806,3
mr,partition,majority,normal,3,597,597,1,0,0,1194,1,0.0016750418760469012,0.0029012576341187223,3,1.0,0.0,3,13.314666666666666,0.7556800469334449,3,15.607000000000001,1.5350009771983866,3
mr,partition,majority,overall,3,3000,2997,1,3,0,5994,1,0.000333667000333667,0.0005779281973870128,3,0.999,0.0,3,13.243,0.6273826583513445,3,16.258,1.1320331267237713,3
mr,partition,majority,recovery,3,1203,1203,0,0,0,2406,0,0.0,0.0,3,1.0,0.0,3,13.266,0.5763497202220195,3,15.534,1.003983565602546,3
mr,partition,majority,transition,3,3,3,0,0,0,6,0,0.0,0.0,3,1.0,0.0,3,16.929333333333332,0.3809387527324231,3,16.929333333333332,0.3809387527324231,3
mr,partition,weak,fault,3,1197,1194,0,3,0,2388,0,0.0,0.0,3,0.9974937343358395,0.0,3,9.754333333333333,0.3671312208643298,3,11.668,0.917933004091258,3
mr,partition,weak,normal,3,597,597,1,0,0,1194,1,0.0016750418760469012,0.0029012576341187223,3,1.0,0.0,3,9.566666666666666,0.25538467717021235,3,11.649000000000001,0.8885983344571385,3
mr,partition,weak,overall,3,3000,2997,1,3,0,5994,1,0.000333667000333667,0.0005779281973870128,3,0.999,0.0,3,9.693333333333333,0.31258012306180455,3,11.744666666666667,1.3038083959437188,3
mr,partition,weak,recovery,3,1203,1203,0,0,0,2406,0,0.0,0.0,3,1.0,0.0,3,9.640666666666666,0.32011612476308254,3,11.695,1.7433298597798415,3
mr,partition,weak,transition,3,3,3,0,0,0,6,0,0.0,0.0,3,1.0,0.0,3,14.31,1.4089680620936726,3,14.31,1.4089680620936726,3
mw,failure,causal,fault,3,1197,1197,0,0,0,0,0,0.0,0.0,3,1.0,0.0,3,17.606333333333332,0.5344504966162298,3,21.775,0.9610327777968858,3
mw,failure,causal,normal,3,597,597,0,0,0,0,0,0.0,0.0,3,1.0,0.0,3,17.057666666666666,0.6473270682841343,3,19.461666666666666,1.1151198739746924,3
mw,failure,causal,overall,3,3000,3000,0,0,0,0,0,0.0,0.0,3,1.0,0.0,3,17.269666666666666,0.7158423941995412,3,22.948333333333334,2.519024877474086,3
mw,failure,causal,recovery,3,1203,1203,0,0,0,0,0,0.0,0.0,3,1.0,0.0,3,17.146,0.9759308377134112,3,28.166,8.893132687641629,3
mw,failure,causal,transition,3,3,3,0,0,0,0,0,0.0,0.0,3,1.0,0.0,3,395.35400000000004,294.2072626109016,3,395.35400000000004,294.2072626109016,3
mw,failure,majority,fault,3,1197,1197,0,0,0,0,0,0.0,0.0,3,1.0,0.0,3,17.451,0.5685727745856287,3,21.77,0.47563326208329904,3
mw,failure,majority,normal,3,597,597,0,0,0,0,0,0.0,0.0,3,1.0,0.0,3,16.936999999999998,0.5586242028412309,3,19.362333333333336,1.5071261836134804,3
mw,failure,majority,overall,3,3000,3000,0,0,0,0,0,0.0,0.0,3,1.0,0.0,3,17.008333333333333,0.6227859450351564,3,20.424333333333333,0.828054547317586,3
mw,failure,majority,recovery,3,1203,1203,0,0,0,0,0,0.0,0.0,3,1.0,0.0,3,16.779,0.6390876309239588,3,19.482,1.360811155157101,3
mw,failure,majority,transition,3,3,3,0,0,0,0,0,0.0,0.0,3,1.0,0.0,3,552.915,11.036733529446082,3,552.915,11.036733529446082,3
mw,failure,weak,fault,3,1197,1197,0,0,0,0,0,0.0,0.0,3,1.0,0.0,3,99.78833333333334,0.9726727781393549,3,113.96166666666666,0.2309401076758536,3
mw,failure,weak,normal,3,597,597,0,0,0,0,0,0.0,0.0,3,1.0,0.0,3,25.811,1.0739762567207896,3,29.071666666666665,0.422462227108334,3
mw,failure,weak,overall,3,3000,3000,0,0,0,0,0,0.0,0.0,3,1.0,0.0,3,27.854,0.5178522955438174,3,112.56233333333333,0.2866885650550715,3
mw,failure,weak,recovery,3,1203,1203,0,0,0,0,0,0.0,0.0,3,1.0,0.0,3,26.117333333333335,0.8220981287737709,3,29.454,1.9138842702734147,3
mw,failure,weak,transition,3,3,3,0,0,0,0,0,0.0,0.0,3,1.0,0.0,3,126.741,10.155220726306249,3,126.741,10.155220726306249,3
mw,normal,causal,normal,3,3000,3000,0,0,0,0,0,0.0,0.0,3,1.0,0.0,3,17.650333333333332,2.3312512377119132,3,36.48433333333333,31.778655514878746,3
mw,normal,causal,overall,3,3000,3000,0,0,0,0,0,0.0,0.0,3,1.0,0.0,3,17.650333333333332,2.3312512377119132,3,36.48433333333333,31.778655514878746,3
mw,normal,majority,normal,3,3000,3000,0,0,0,0,0,0.0,0.0,3,1.0,0.0,3,16.595666666666666,0.6558706681452785,3,18.805333333333333,1.6571814424900286,3
mw,normal,majority,overall,3,3000,3000,0,0,0,0,0,0.0,0.0,3,1.0,0.0,3,16.595666666666666,0.6558706681452785,3,18.805333333333333,1.6571814424900286,3
mw,normal,weak,normal,3,3000,3000,0,0,0,0,0,0.0,0.0,3,1.0,0.0,3,26.361,0.4872494227805715,3,30.391333333333336,1.9405649521037254,3
mw,normal,weak,overall,3,3000,3000,0,0,0,0,0,0.0,0.0,3,1.0,0.0,3,26.361,0.4872494227805715,3,30.391333333333336,1.9405649521037254,3
mw,partition,causal,fault,3,1197,1197,0,0,0,0,0,0.0,0.0,3,1.0,0.0,3,17.629,0.6561623274769731,3,25.980999999999998,5.366787120801421,3
mw,partition,causal,normal,3,597,597,0,0,0,0,0,0.0,0.0,3,1.0,0.0,3,17.012666666666668,0.5904018405572025,3,19.45,1.1934961248366067,3
mw,partition,causal,overall,3,3000,2997,0,3,0,0,0,0.0,0.0,3,0.999,0.0,3,17.147,0.48233183598016843,3,21.482666666666667,0.6104886021322051,3
mw,partition,causal,recovery,3,1203,1203,0,0,0,0,0,0.0,0.0,3,1.0,0.0,3,16.853666666666665,0.3412276854731054,3,20.192333333333334,0.3071487153372663,3
mw,partition,causal,transition,3,3,0,0,3,0,0,0,,,0,0.0,0.0,3,,,0,,,0
mw,partition,majority,fault,3,1197,1197,0,0,0,0,0,0.0,0.0,3,1.0,0.0,3,17.585,0.7642650063950333,3,22.253333333333334,1.3756861318387028,3
mw,partition,majority,normal,3,597,597,0,0,0,0,0,0.0,0.0,3,1.0,0.0,3,17.095,0.714210753209443,3,19.979,1.9500433328518627,3
mw,partition,majority,overall,3,3000,2997,0,3,0,0,0,0.0,0.0,3,0.999,0.0,3,17.296666666666667,0.6453327307159733,3,20.967333333333332,1.5798969375669194,3
mw,partition,majority,recovery,3,1203,1203,0,0,0,0,0,0.0,0.0,3,1.0,0.0,3,17.108333333333334,0.5653090600134885,3,20.317666666666668,1.3860196006310062,3
mw,partition,majority,transition,3,3,0,0,3,0,0,0,,,0,0.0,0.0,3,,,0,,,0
mw,partition,weak,fault,3,1197,1157,0,0,40,0,0,0.0,0.0,3,0.9665831244778613,0.0014469931558636917,3,100.029,1.0722280541004348,3,114.981,0.4841394427228645,3
mw,partition,weak,normal,3,597,597,0,0,0,0,0,0.0,0.0,3,1.0,0.0,3,26.237000000000002,1.023630304357975,3,29.637333333333334,1.7779326008972702,3
mw,partition,weak,overall,3,3000,2957,0,3,40,0,0,0.0,0.0,3,0.9856666666666667,0.0005773502691896262,3,27.768333333333334,0.9254276488917602,3,112.676,0.2047559522944323,3
mw,partition,weak,recovery,3,1203,1203,0,0,0,0,0,0.0,0.0,3,1.0,0.0,3,26.206333333333333,0.770413741656608,3,28.987000000000002,0.8086142467208947,3
mw,partition,weak,transition,3,3,0,0,3,0,0,0,,,0,0.0,0.0,3,,,0,,,0
ryw,failure,causal,fault,3,1197,1197,0,0,0,0,0,0.0,0.0,3,1.0,0.0,3,10.243333333333334,0.306283093450052,3,12.818,0.2779082582436159,3
ryw,failure,causal,normal,3,597,597,0,0,0,0,0,0.0,0.0,3,1.0,0.0,3,9.906,0.23336452172513295,3,11.976,0.652181723141641,3
ryw,failure,causal,overall,3,3000,3000,0,0,0,0,0,0.0,0.0,3,1.0,0.0,3,10.227,0.5303847659954046,3,12.533666666666667,0.4736732347656279,3
ryw,failure,causal,recovery,3,1203,1203,0,0,0,0,0,0.0,0.0,3,1.0,0.0,3,10.377333333333334,0.9376936244495502,3,12.428,0.5964050636941312,3
ryw,failure,causal,transition,3,3,3,0,0,0,0,0,0.0,0.0,3,1.0,0.0,3,14.488,1.631090739352044,3,14.488,1.631090739352044,3
ryw,failure,majority,fault,3,1197,1197,0,0,0,0,0,0.0,0.0,3,1.0,0.0,3,10.548666666666666,0.6776520739533924,3,13.493333333333334,1.2999201257513222,3
ryw,failure,majority,normal,3,597,597,5,0,0,0,0,0.008375209380234505,0.005802515268237445,3,1.0,0.0,3,9.837666666666667,0.48325597082015803,3,11.478666666666665,0.9923458738430533,3
ryw,failure,majority,overall,3,3000,3000,5,0,0,0,0,0.0016666666666666668,0.0011547005383792516,3,1.0,0.0,3,10.093333333333334,0.5205807654277412,3,12.599,0.9688611871676976,3
ryw,failure,majority,recovery,3,1203,1203,0,0,0,0,0,0.0,0.0,3,1.0,0.0,3,9.881,0.47325997084055216,3,11.729000000000001,0.7289945130109009,3
ryw,failure,majority,transition,3,3,3,0,0,0,0,0,0.0,0.0,3,1.0,0.0,3,13.441333333333333,1.3577121688094769,3,13.441333333333333,1.3577121688094769,3
ryw,failure,weak,fault,3,1197,1197,73,0,0,0,0,0.06098579782790309,0.10563050037805183,3,1.0,0.0,3,6.652,0.4354457486300673,3,7.932666666666667,0.8069902932088672,3
ryw,failure,weak,normal,3,597,597,260,0,0,0,0,0.4355108877721943,0.4976227756961862,3,1.0,0.0,3,6.6723333333333334,0.28560520536806294,3,12.177333333333333,8.05376249546343,3
ryw,failure,weak,overall,3,3000,3000,335,0,0,0,0,0.11166666666666666,0.07423161949825245,3,1.0,0.0,3,6.634333333333333,0.4273222827484351,3,8.161666666666667,1.2059586781201637,3
ryw,failure,weak,recovery,3,1203,1203,2,0,0,0,0,0.0016625103906899418,0.0014397762323930816,3,1.0,0.0,3,6.5649999999999995,0.521946357397003,3,7.984333333333334,0.9427514695471619,3
ryw,failure,weak,transition,3,3,3,0,0,0,0,0,0.0,0.0,3,1.0,0.0,3,9.722999999999999,0.20545802491019916,3,9.722999999999999,0.20545802491019916,3
ryw,normal,causal,normal,3,3000,3000,0,0,0,0,0,0.0,0.0,3,1.0,0.0,3,9.941,0.42396108311966474,3,11.905,0.9353240080314414,3
ryw,normal,causal,overall,3,3000,3000,0,0,0,0,0,0.0,0.0,3,1.0,0.0,3,9.941,0.42396108311966474,3,11.905,0.9353240080314414,3
ryw,normal,majority,normal,3,3000,3000,2,0,0,0,0,0.0006666666666666666,0.0011547005383792516,3,1.0,0.0,3,9.994,0.34715558471670926,3,11.675,0.6417577424542689,3
ryw,normal,majority,overall,3,3000,3000,2,0,0,0,0,0.0006666666666666666,0.0011547005383792516,3,1.0,0.0,3,9.994,0.34715558471670926,3,11.675,0.6417577424542689,3
ryw,normal,weak,normal,3,3000,3000,10,0,0,0,0,0.0033333333333333335,0.0035118845842842463,3,1.0,0.0,3,6.215,0.15062204353944986,3,7.435666666666667,0.5780322943688639,3
ryw,normal,weak,overall,3,3000,3000,10,0,0,0,0,0.0033333333333333335,0.0035118845842842463,3,1.0,0.0,3,6.215,0.15062204353944986,3,7.435666666666667,0.5780322943688639,3
ryw,partition,causal,fault,3,1197,1194,0,3,0,0,0,0.0,0.0,3,0.9974937343358395,0.0,3,10.356666666666667,0.3692916643160709,3,13.963333333333333,0.6662321917569982,3
ryw,partition,causal,normal,3,597,597,0,0,0,0,0,0.0,0.0,3,1.0,0.0,3,10.065666666666667,0.21513096786221475,3,11.715,0.27459606697838906,3
ryw,partition,causal,overall,3,3000,2997,0,3,0,0,0,0.0,0.0,3,0.999,0.0,3,10.174,0.19730179928221614,3,12.899333333333333,0.5668900540081235,3
ryw,partition,causal,recovery,3,1203,1203,0,0,0,0,0,0.0,0.0,3,1.0,0.0,3,10.093,0.26850139664441264,3,12.406333333333333,0.528095004079127,3
ryw,partition,causal,transition,3,3,3,0,0,0,0,0,0.0,0.0,3,1.0,0.0,3,14.026666666666667,0.48653297250374794,3,14.026666666666667,0.48653297250374794,3
ryw,partition,majority,fault,3,1197,1194,0,3,0,0,0,0.0,0.0,3,0.9974937343358395,0.0,3,10.338,0.3401940622644675,3,14.744666666666667,1.6344498564756682,3
ryw,partition,majority,normal,3,597,597,5,0,0,0,0,0.008375209380234505,0.007676006189205762,3,1.0,0.0,3,10.000666666666667,0.1495002787065404,3,11.806666666666667,0.5787480741508633,3
ryw,partition,majority,overall,3,3000,2997,5,3,0,0,0,0.001668335001668335,0.0015290542859378844,3,0.999,0.0,3,10.105333333333334,0.28055361935525547,3,12.656333333333333,0.8209837594820821,3
ryw,partition,majority,recovery,3,1203,1203,0,0,0,0,0,0.0,0.0,3,1.0,0.0,3,9.980666666666666,0.35285454982660136,3,11.646,1.305261276526658,3
ryw,partition,majority,transition,3,3,3,0,0,0,0,0,0.0,0.0,3,1.0,0.0,3,15.615,0.7181559719169647,3,15.615,0.7181559719169647,3
ryw,partition,weak,fault,3,1197,1194,0,3,0,0,0,0.0,0.0,3,0.9974937343358395,0.0,3,6.364,0.06323764701504934,3,7.765333333333333,0.18969009814255816,3
ryw,partition,weak,normal,3,597,597,6,0,0,0,0,0.010050251256281407,0.008703772902356167,3,1.0,0.0,3,6.496333333333333,0.595709940603087,3,9.886666666666667,4.2336216568481095,3
ryw,partition,weak,overall,3,3000,2997,6,3,0,0,0,0.002002002002002002,0.0017337845921610382,3,0.999,0.0,3,6.4093333333333335,0.31074480419362327,3,7.731,0.20326583579145832,3
ryw,partition,weak,recovery,3,1203,1203,0,0,0,0,0,0.0,0.0,3,1.0,0.0,3,6.385666666666666,0.4317468394016722,3,7.593333333333333,0.3439612381262362,3
ryw,partition,weak,transition,3,3,3,0,0,0,0,0,0.0,0.0,3,1.0,0.0,3,10.909333333333333,1.110697678638671,3,10.909333333333333,1.110697678638671,3
wfr,failure,causal,fault,3,1197,1197,0,0,0,0,0,0.0,0.0,3,1.0,0.0,3,20.681666666666665,0.625412930257548,3,24.086333333333332,1.1610582816264359,3
wfr,failure,causal,normal,3,597,597,0,0,0,0,0,0.0,0.0,3,1.0,0.0,3,20.112333333333332,0.4682150503063032,3,24.02166666666667,0.7741558843884957,3
wfr,failure,causal,overall,3,3000,3000,0,0,0,0,0,0.0,0.0,3,1.0,0.0,3,20.231,0.7275300681071548,3,23.928333333333335,1.5123664679347182,3
wfr,failure,causal,recovery,3,1203,1203,0,0,0,0,0,0.0,0.0,3,1.0,0.0,3,19.829333333333334,0.9242209331828256,3,23.381333333333334,2.9109985113931836,3
wfr,failure,causal,transition,3,3,3,0,0,0,0,0,0.0,0.0,3,1.0,0.0,3,364.767,217.73806700942305,3,364.767,217.73806700942305,3
wfr,failure,majority,fault,3,1197,1197,0,0,0,0,0,0.0,0.0,3,1.0,0.0,3,20.816,0.5890195242943981,3,28.755,6.866918959766452,3
wfr,failure,majority,normal,3,597,597,0,0,0,0,0,0.0,0.0,3,1.0,0.0,3,20.194333333333333,0.5724022478409161,3,23.581333333333333,1.759151026300281,3
wfr,failure,majority,overall,3,3000,3000,0,0,0,0,0,0.0,0.0,3,1.0,0.0,3,20.522,0.5388682584825351,3,28.726,7.728779528489606,3
wfr,failure,majority,recovery,3,1203,1203,0,0,0,0,0,0.0,0.0,3,1.0,0.0,3,20.343999999999998,0.5420913207200425,3,31.005333333333333,12.9706328809867,3
wfr,failure,majority,transition,3,3,3,0,0,0,0,0,0.0,0.0,3,1.0,0.0,3,385.78066666666666,293.73885185540803,3,385.78066666666666,293.73885185540803,3
wfr,failure,weak,fault,3,1197,1197,0,0,0,0,0,0.0,0.0,3,1.0,0.0,3,101.76533333333333,0.7238206499771397,3,115.34933333333333,0.17039463997829327,3
wfr,failure,weak,normal,3,597,597,0,0,0,0,0,0.0,0.0,3,1.0,0.0,3,29.321,0.6969583918714223,3,32.90566666666667,0.8887836257117561,3
wfr,failure,weak,overall,3,3000,3000,0,0,0,0,0,0.0,0.0,3,1.0,0.0,3,30.87633333333333,1.389607618478443,3,111.866,1.0485475668752506,3
wfr,failure,weak,recovery,3,1203,1203,0,0,0,0,0,0.0,0.0,3,1.0,0.0,3,29.119666666666667,1.0563713046714833,3,33.065333333333335,2.5194750114524522,3
wfr,failure,weak,transition,3,3,3,0,0,0,0,0,0.0,0.0,3,1.0,0.0,3,396.01666666666665,250.66904552084873,3,396.01666666666665,250.66904552084873,3
wfr,normal,causal,normal,3,3000,3000,0,0,0,0,0,0.0,0.0,3,1.0,0.0,3,19.952666666666666,0.26945562405214996,3,22.784,0.4458385357951922,3
wfr,normal,causal,overall,3,3000,3000,0,0,0,0,0,0.0,0.0,3,1.0,0.0,3,19.952666666666666,0.26945562405214996,3,22.784,0.4458385357951922,3
wfr,normal,majority,normal,3,3000,3000,0,0,0,0,0,0.0,0.0,3,1.0,0.0,3,19.9,0.6704297129453614,3,22.781666666666666,1.6616020381948657,3
wfr,normal,majority,overall,3,3000,3000,0,0,0,0,0,0.0,0.0,3,1.0,0.0,3,19.9,0.6704297129453614,3,22.781666666666666,1.6616020381948657,3
wfr,normal,weak,normal,3,3000,3000,0,0,0,0,0,0.0,0.0,3,1.0,0.0,3,28.979,0.8303174091875958,3,32.687,0.9119281769964142,3
wfr,normal,weak,overall,3,3000,3000,0,0,0,0,0,0.0,0.0,3,1.0,0.0,3,28.979,0.8303174091875958,3,32.687,0.9119281769964142,3
wfr,partition,causal,fault,3,1197,1197,0,0,0,0,0,0.0,0.0,3,1.0,0.0,3,20.821,0.655572269090144,3,25.262333333333334,1.3630558804881516,3
wfr,partition,causal,normal,3,597,597,0,0,0,0,0,0.0,0.0,3,1.0,0.0,3,20.048000000000002,0.7111167274083762,3,22.763666666666666,1.5360665133168323,3
wfr,partition,causal,overall,3,3000,2997,0,3,0,0,0,0.0,0.0,3,0.999,0.0,3,20.375999999999998,0.6759859465994836,3,24.067666666666668,1.2980201590627678,3
wfr,partition,causal,recovery,3,1203,1203,0,0,0,0,0,0.0,0.0,3,1.0,0.0,3,20.220666666666666,0.6518775447377607,3,23.060666666666666,1.5515209741841487,3
wfr,partition,causal,transition,3,3,0,0,3,0,0,0,,,0,0.0,0.0,3,,,0,,,0
wfr,partition,majority,fault,3,1197,1197,0,0,0,0,0,0.0,0.0,3,1.0,0.0,3,20.76033333333333,0.3941590203627646,3,25.491666666666667,2.146126821353605,3
wfr,partition,majority,normal,3,597,597,0,0,0,0,0,0.0,0.0,3,1.0,0.0,3,20.692,1.2786793968778885,3,23.958666666666666,1.1698462861988892,3
wfr,partition,majority,overall,3,3000,2997,0,3,0,0,0,0.0,0.0,3,0.999,0.0,3,20.549666666666667,0.8031564812247569,3,24.136666666666667,1.3181825872516053,3
wfr,partition,majority,recovery,3,1203,1203,0,0,0,0,0,0.0,0.0,3,1.0,0.0,3,20.262999999999998,0.9133871030401083,3,23.027666666666665,1.7142104110444931,3
wfr,partition,majority,transition,3,3,0,0,3,0,0,0,,,0,0.0,0.0,3,,,0,,,0
wfr,partition,weak,fault,3,1197,1173,0,0,24,0,0,0.0,0.0,3,0.9799498746867168,0.017363917870364683,3,101.738,0.9890485326817936,3,116.01033333333334,0.9695160304674342,3
wfr,partition,weak,normal,3,597,597,0,0,0,0,0,0.0,0.0,3,1.0,0.0,3,29.011666666666667,0.9642828077557606,3,32.61333333333333,2.3505217151375835,3
wfr,partition,weak,overall,3,3000,2973,0,3,24,0,0,0.0,0.0,3,0.991,0.006928203230275516,3,30.725,1.5905190976533425,3,112.46633333333332,1.5397611286603274,3
wfr,partition,weak,recovery,3,1203,1203,0,0,0,0,0,0.0,0.0,3,1.0,0.0,3,29.115666666666666,1.1155045196382378,3,32.514,1.7344748484771975,3
wfr,partition,weak,transition,3,3,0,0,3,0,0,0,,,0,0.0,0.0,3,,,0,,,0
