repeat,model,scenario,profile,phase,attempts,eligible,violations,errors,not_observed,coverage,violation_rate,successful_mr_reads,mr_read_regressions,eligible_workload_p50_ms,eligible_workload_p95_ms,folder
1,mr,normal,causal,overall,1000,1000,0,0,0,1.0,0.0,2000,0,13.209,15.692,20260918T135314Z_5c2d1525_mr_normal_causal
1,mr,normal,causal,normal,1000,1000,0,0,0,1.0,0.0,2000,0,13.209,15.692,20260918T135314Z_5c2d1525_mr_normal_causal
1,wfr,normal,causal,overall,1000,1000,0,0,0,1.0,0.0,0,0,20.262,23.17,20260918T135329Z_cc861c32_wfr_normal_causal
1,wfr,normal,causal,normal,1000,1000,0,0,0,1.0,0.0,0,0,20.262,23.17,20260918T135329Z_cc861c32_wfr_normal_causal
1,wfr,normal,weak,overall,1000,1000,0,0,0,1.0,0.0,0,0,29.873,33.74,20260918T135352Z_82a57953_wfr_normal_weak
1,wfr,normal,weak,normal,1000,1000,0,0,0,1.0,0.0,0,0,29.873,33.74,20260918T135352Z_82a57953_wfr_normal_weak
1,ryw,normal,causal,overall,1000,1000,0,0,0,1.0,0.0,0,0,10.415,12.734,20260918T135423Z_19292993_ryw_normal_causal
1,ryw,normal,causal,normal,1000,1000,0,0,0,1.0,0.0,0,0,10.415,12.734,20260918T135423Z_19292993_ryw_normal_causal
1,wfr,failure,weak,overall,1000,1000,0,0,0,1.0,0.0,0,0,32.477,110.734,20260918T135436Z_0084cfa3_wfr_failure_weak
1,wfr,failure,weak,normal,199,199,0,0,0,1.0,0.0,0,0,30.072,33.89,20260918T135436Z_0084cfa3_wfr_failure_weak
1,wfr,failure,weak,transition,1,1,0,0,0,1.0,0.0,0,0,107.857,107.857,20260918T135436Z_0084cfa3_wfr_failure_weak
1,wfr,failure,weak,fault,399,399,0,0,0,1.0,0.0,0,0,102.595,115.215,20260918T135436Z_0084cfa3_wfr_failure_weak
1,wfr,failure,weak,recovery,401,401,0,0,0,1.0,0.0,0,0,30.336,35.957,20260918T135436Z_0084cfa3_wfr_failure_weak
1,ryw,normal,majority,overall,1000,1000,0,0,0,1.0,0.0,0,0,10.006,11.654,20260918T135547Z_2b3e7ef3_ryw_normal_majority
1,ryw,normal,majority,normal,1000,1000,0,0,0,1.0,0.0,0,0,10.006,11.654,20260918T135547Z_2b3e7ef3_ryw_normal_majority
1,wfr,partition,weak,overall,1000,987,0,1,12,0.987,0.0,0,0,32.536,110.714,20260918T135559Z_5817ce0e_wfr_partition_weak
1,wfr,partition,weak,normal,199,199,0,0,0,1.0,0.0,0,0,30.119,34.958,20260918T135559Z_5817ce0e_wfr_partition_weak
1,wfr,partition,weak,transition,1,0,0,1,0,0.0,,0,0,,,20260918T135559Z_5817ce0e_wfr_partition_weak
1,wfr,partition,weak,fault,399,387,0,0,12,0.9699248120300752,0.0,0,0,102.879,117.125,20260918T135559Z_5817ce0e_wfr_partition_weak
1,wfr,partition,weak,recovery,401,401,0,0,0,1.0,0.0,0,0,30.39,34.491,20260918T135559Z_5817ce0e_wfr_partition_weak
1,mr,failure,causal,overall,1000,1000,0,0,0,1.0,0.0,2000,0,13.81,16.829,20260918T135735Z_2326ac4b_mr_failure_causal
1,mr,failure,causal,normal,199,199,0,0,0,1.0,0.0,398,0,13.647,18.547,20260918T135735Z_2326ac4b_mr_failure_causal
1,mr,failure,causal,transition,1,1,0,0,0,1.0,0.0,2,0,17.878,17.878,20260918T135735Z_2326ac4b_mr_failure_causal
1,mr,failure,causal,fault,399,399,0,0,0,1.0,0.0,798,0,13.655,17.403,20260918T135735Z_2326ac4b_mr_failure_causal
1,mr,failure,causal,recovery,401,401,0,0,0,1.0,0.0,802,0,14.119,16.598,20260918T135735Z_2326ac4b_mr_failure_causal
1,ryw,partition,causal,overall,1000,999,0,1,0,0.999,0.0,0,0,10.398,13.447,20260918T135801Z_d006ffc9_ryw_partition_causal
1,ryw,partition,causal,normal,199,199,0,0,0,1.0,0.0,0,0,10.057,11.506,20260918T135801Z_d006ffc9_ryw_partition_causal
1,ryw,partition,causal,transition,1,1,0,0,0,1.0,0.0,0,0,13.916,13.916,20260918T135801Z_d006ffc9_ryw_partition_causal
1,ryw,partition,causal,fault,399,398,0,1,0,0.9974937343358395,0.0,0,0,10.781,14.548,20260918T135801Z_d006ffc9_ryw_partition_causal
1,ryw,partition,causal,recovery,401,401,0,0,0,1.0,0.0,0,0,10.361,12.747,20260918T135801Z_d006ffc9_ryw_partition_causal
1,mr,normal,weak,overall,1000,1000,3,0,0,1.0,0.003,2000,3,9.599,11.603,20260918T135850Z_c2469c67_mr_normal_weak
1,mr,normal,weak,normal,1000,1000,3,0,0,1.0,0.003,2000,3,9.599,11.603,20260918T135850Z_c2469c67_mr_normal_weak
1,mr,partition,majority,overall,1000,999,1,1,0,0.999,0.001001001001001001,1998,1,13.946,17.528,20260918T135902Z_ab0d4ba4_mr_partition_majority
1,mr,partition,majority,normal,199,199,1,0,0,1.0,0.005025125628140704,398,1,14.183,17.373,20260918T135902Z_ab0d4ba4_mr_partition_majority
1,mr,partition,majority,transition,1,1,0,0,0,1.0,0.0,2,0,17.347,17.347,20260918T135902Z_ab0d4ba4_mr_partition_majority
1,mr,partition,majority,fault,399,398,0,1,0,0.9974937343358395,0.0,796,0,13.818,18.41,20260918T135902Z_ab0d4ba4_mr_partition_majority
1,mr,partition,majority,recovery,401,401,0,0,0,1.0,0.0,802,0,13.904,16.472,20260918T135902Z_ab0d4ba4_mr_partition_majority
1,ryw,failure,causal,overall,1000,1000,0,0,0,1.0,0.0,0,0,10.839,13.08,20260918T135955Z_7b0f9647_ryw_failure_causal
1,ryw,failure,causal,normal,199,199,0,0,0,1.0,0.0,0,0,10.173,12.471,20260918T135955Z_7b0f9647_ryw_failure_causal
1,ryw,failure,causal,transition,1,1,0,0,0,1.0,0.0,0,0,16.371,16.371,20260918T135955Z_7b0f9647_ryw_failure_causal
1,ryw,failure,causal,fault,399,399,0,0,0,1.0,0.0,0,0,10.596,13.13,20260918T135955Z_7b0f9647_ryw_failure_causal
1,ryw,failure,causal,recovery,401,401,0,0,0,1.0,0.0,0,0,11.46,13.101,20260918T135955Z_7b0f9647_ryw_failure_causal
1,wfr,normal,majority,overall,1000,1000,0,0,0,1.0,0.0,0,0,20.674,24.669,20260918T140017Z_e59cdb50_wfr_normal_majority
1,wfr,normal,majority,normal,1000,1000,0,0,0,1.0,0.0,0,0,20.674,24.669,20260918T140017Z_e59cdb50_wfr_normal_majority
1,mw,failure,causal,overall,1000,1000,0,0,0,1.0,0.0,0,0,18.092,23.719,20260918T140041Z_31a9f3bb_mw_failure_causal
1,mw,failure,causal,normal,199,199,0,0,0,1.0,0.0,0,0,17.801,20.69,20260918T140041Z_31a9f3bb_mw_failure_causal
1,mw,failure,causal,transition,1,1,0,0,0,1.0,0.0,0,0,579.118,579.118,20260918T140041Z_31a9f3bb_mw_failure_causal
1,mw,failure,causal,fault,399,399,0,0,0,1.0,0.0,0,0,18.213,22.615,20260918T140041Z_31a9f3bb_mw_failure_causal
1,mw,failure,causal,recovery,401,401,0,0,0,1.0,0.0,0,0,18.251,29.571,20260918T140041Z_31a9f3bb_mw_failure_causal
1,mw,normal,causal,overall,1000,1000,0,0,0,1.0,0.0,0,0,20.342,73.179,20260918T140111Z_66339021_mw_normal_causal
1,mw,normal,causal,normal,1000,1000,0,0,0,1.0,0.0,0,0,20.342,73.179,20260918T140111Z_66339021_mw_normal_causal
1,wfr,partition,majority,overall,1000,999,0,1,0,0.999,0.0,0,0,21.477,25.658,20260918T140141Z_d0b63c0a_wfr_partition_majority
1,wfr,partition,majority,normal,199,199,0,0,0,1.0,0.0,0,0,22.168,25.29,20260918T140141Z_d0b63c0a_wfr_partition_majority
1,wfr,partition,majority,transition,1,0,0,1,0,0.0,,0,0,,,20260918T140141Z_d0b63c0a_wfr_partition_majority
1,wfr,partition,majority,fault,399,399,0,0,0,1.0,0.0,0,0,21.213,27.967,20260918T140141Z_d0b63c0a_wfr_partition_majority
1,wfr,partition,majority,recovery,401,401,0,0,0,1.0,0.0,0,0,21.317,24.993,20260918T140141Z_d0b63c0a_wfr_partition_majority
1,ryw,failure,weak,overall,1000,1000,62,0,0,1.0,0.062,0,0,7.12,9.549,20260918T140242Z_6b920901_ryw_failure_weak
1,ryw,failure,weak,normal,199,199,61,0,0,1.0,0.3065326633165829,0,0,6.822,21.477,20260918T140242Z_6b920901_ryw_failure_weak
1,ryw,failure,weak,transition,1,1,0,0,0,1.0,0.0,0,0,9.626,9.626,20260918T140242Z_6b920901_ryw_failure_weak
1,ryw,failure,weak,fault,399,399,0,0,0,1.0,0.0,0,0,7.151,8.846,20260918T140242Z_6b920901_ryw_failure_weak
1,ryw,failure,weak,recovery,401,401,1,0,0,1.0,0.0024937655860349127,0,0,7.167,9.064,20260918T140242Z_6b920901_ryw_failure_weak
1,mr,partition,causal,overall,1000,999,0,1,0,0.999,0.0,1998,0,14.176,17.716,20260918T140302Z_3b9be7f9_mr_partition_causal
1,mr,partition,causal,normal,199,199,0,0,0,1.0,0.0,398,0,14.827,16.512,20260918T140302Z_3b9be7f9_mr_partition_causal
1,mr,partition,causal,transition,1,1,0,0,0,1.0,0.0,2,0,18.157,18.157,20260918T140302Z_3b9be7f9_mr_partition_causal
1,mr,partition,causal,fault,399,398,0,1,0,0.9974937343358395,0.0,796,0,14.083,19.964,20260918T140302Z_3b9be7f9_mr_partition_causal
1,mr,partition,causal,recovery,401,401,0,0,0,1.0,0.0,802,0,13.826,16.782,20260918T140302Z_3b9be7f9_mr_partition_causal
1,wfr,failure,causal,overall,1000,1000,0,0,0,1.0,0.0,0,0,21.071,25.672,20260918T140356Z_a0fc630a_wfr_failure_causal
1,wfr,failure,causal,normal,199,199,0,0,0,1.0,0.0,0,0,20.637,24.827,20260918T140356Z_a0fc630a_wfr_failure_causal
1,wfr,failure,causal,transition,1,1,0,0,0,1.0,0.0,0,0,419.622,419.622,20260918T140356Z_a0fc630a_wfr_failure_causal
1,wfr,failure,causal,fault,399,399,0,0,0,1.0,0.0,0,0,21.403,25.427,20260918T140356Z_a0fc630a_wfr_failure_causal
1,wfr,failure,causal,recovery,401,401,0,0,0,1.0,0.0,0,0,20.895,26.718,20260918T140356Z_a0fc630a_wfr_failure_causal
1,mw,partition,causal,overall,1000,999,0,1,0,0.999,0.0,0,0,17.689,22.155,20260918T140429Z_7264f565_mw_partition_causal
1,mw,partition,causal,normal,199,199,0,0,0,1.0,0.0,0,0,17.621,20.711,20260918T140429Z_7264f565_mw_partition_causal
1,mw,partition,causal,transition,1,0,0,1,0,0.0,,0,0,,,20260918T140429Z_7264f565_mw_partition_causal
1,mw,partition,causal,fault,399,399,0,0,0,1.0,0.0,0,0,18.374,23.651,20260918T140429Z_7264f565_mw_partition_causal
1,mw,partition,causal,recovery,401,401,0,0,0,1.0,0.0,0,0,17.246,20.326,20260918T140429Z_7264f565_mw_partition_causal
1,ryw,partition,majority,overall,1000,999,2,1,0,0.999,0.002002002002002002,0,0,10.428,13.558,20260918T140526Z_94529d16_ryw_partition_majority
1,ryw,partition,majority,normal,199,199,2,0,0,1.0,0.010050251256281407,0,0,10.001,11.16,20260918T140526Z_94529d16_ryw_partition_majority
1,ryw,partition,majority,transition,1,1,0,0,0,1.0,0.0,0,0,15.773,15.773,20260918T140526Z_94529d16_ryw_partition_majority
1,ryw,partition,majority,fault,399,398,0,1,0,0.9974937343358395,0.0,0,0,10.73,15.385,20260918T140526Z_94529d16_ryw_partition_majority
1,ryw,partition,majority,recovery,401,401,0,0,0,1.0,0.0,0,0,10.385,13.153,20260918T140526Z_94529d16_ryw_partition_majority
1,mr,failure,majority,overall,1000,1000,0,0,0,1.0,0.0,2000,0,13.799,16.789,20260918T140616Z_b478d129_mr_failure_majority
1,mr,failure,majority,normal,199,199,0,0,0,1.0,0.0,398,0,13.686,16.515,20260918T140616Z_b478d129_mr_failure_majority
1,mr,failure,majority,transition,1,1,0,0,0,1.0,0.0,2,0,17.578,17.578,20260918T140616Z_b478d129_mr_failure_majority
1,mr,failure,majority,fault,399,399,0,0,0,1.0,0.0,798,0,14.071,16.975,20260918T140616Z_b478d129_mr_failure_majority
1,mr,failure,majority,recovery,401,401,0,0,0,1.0,0.0,802,0,13.704,16.766,20260918T140616Z_b478d129_mr_failure_majority
1,mw,normal,weak,overall,1000,1000,0,0,0,1.0,0.0,0,0,26.857,30.373,20260918T140642Z_05fb6051_mw_normal_weak
1,mw,normal,weak,normal,1000,1000,0,0,0,1.0,0.0,0,0,26.857,30.373,20260918T140642Z_05fb6051_mw_normal_weak
1,mw,failure,majority,overall,1000,1000,0,0,0,1.0,0.0,0,0,17.72,21.36,20260918T140709Z_a91fb992_mw_failure_majority
1,mw,failure,majority,normal,199,199,0,0,0,1.0,0.0,0,0,17.552,21.033,20260918T140709Z_a91fb992_mw_failure_majority
1,mw,failure,majority,transition,1,1,0,0,0,1.0,0.0,0,0,540.186,540.186,20260918T140709Z_a91fb992_mw_failure_majority
1,mw,failure,majority,fault,399,399,0,0,0,1.0,0.0,0,0,18.081,22.239,20260918T140709Z_a91fb992_mw_failure_majority
1,mw,failure,majority,recovery,401,401,0,0,0,1.0,0.0,0,0,17.516,20.96,20260918T140709Z_a91fb992_mw_failure_majority
1,mr,normal,majority,overall,1000,1000,1,0,0,1.0,0.001,2000,1,13.85,17.042,20260918T140739Z_59a7a19d_mr_normal_majority
1,mr,normal,majority,normal,1000,1000,1,0,0,1.0,0.001,2000,1,13.85,17.042,20260918T140739Z_59a7a19d_mr_normal_majority
1,mr,partition,weak,overall,1000,999,0,1,0,0.999,0.0,1998,0,10.043,13.249,20260918T140755Z_1cd4b2e0_mr_partition_weak
1,mr,partition,weak,normal,199,199,0,0,0,1.0,0.0,398,0,9.836,12.675,20260918T140755Z_1cd4b2e0_mr_partition_weak
1,mr,partition,weak,transition,1,1,0,0,0,1.0,0.0,2,0,15.876,15.876,20260918T140755Z_1cd4b2e0_mr_partition_weak
1,mr,partition,weak,fault,399,398,0,1,0,0.9974937343358395,0.0,796,0,10.127,12.723,20260918T140755Z_1cd4b2e0_mr_partition_weak
1,mr,partition,weak,recovery,401,401,0,0,0,1.0,0.0,802,0,10.01,13.708,20260918T140755Z_1cd4b2e0_mr_partition_weak
1,mw,normal,majority,overall,1000,1000,0,0,0,1.0,0.0,0,0,17.353,20.715,20260918T140822Z_ffebe90a_mw_normal_majority
1,mw,normal,majority,normal,1000,1000,0,0,0,1.0,0.0,0,0,17.353,20.715,20260918T140822Z_ffebe90a_mw_normal_majority
1,mw,partition,majority,overall,1000,999,0,1,0,0.999,0.0,0,0,18.041,22.79,20260918T140842Z_01242c95_mw_partition_majority
1,mw,partition,majority,normal,199,199,0,0,0,1.0,0.0,0,0,17.903,22.204,20260918T140842Z_01242c95_mw_partition_majority
1,mw,partition,majority,transition,1,0,0,1,0,0.0,,0,0,,,20260918T140842Z_01242c95_mw_partition_majority
1,mw,partition,majority,fault,399,399,0,0,0,1.0,0.0,0,0,18.466,23.793,20260918T140842Z_01242c95_mw_partition_majority
1,mw,partition,majority,recovery,401,401,0,0,0,1.0,0.0,0,0,17.756,21.908,20260918T140842Z_01242c95_mw_partition_majority
1,ryw,failure,majority,overall,1000,1000,3,0,0,1.0,0.003,0,0,10.681,13.701,20260918T140940Z_0ded3bba_ryw_failure_majority
1,ryw,failure,majority,normal,199,199,3,0,0,1.0,0.01507537688442211,0,0,10.394,12.604,20260918T140940Z_0ded3bba_ryw_failure_majority
1,ryw,failure,majority,transition,1,1,0,0,0,1.0,0.0,0,0,15.003,15.003,20260918T140940Z_0ded3bba_ryw_failure_majority
1,ryw,failure,majority,fault,399,399,0,0,0,1.0,0.0,0,0,11.32,14.987,20260918T140940Z_0ded3bba_ryw_failure_majority
1,ryw,failure,majority,recovery,401,401,0,0,0,1.0,0.0,0,0,10.391,12.473,20260918T140940Z_0ded3bba_ryw_failure_majority
1,wfr,partition,causal,overall,1000,999,0,1,0,0.999,0.0,0,0,21.153,25.518,20260918T141001Z_a5cc9eeb_wfr_partition_causal
1,wfr,partition,causal,normal,199,199,0,0,0,1.0,0.0,0,0,20.866,24.531,20260918T141001Z_a5cc9eeb_wfr_partition_causal
1,wfr,partition,causal,transition,1,0,0,1,0,0.0,,0,0,,,20260918T141001Z_a5cc9eeb_wfr_partition_causal
1,wfr,partition,causal,fault,399,399,0,0,0,1.0,0.0,0,0,21.576,26.735,20260918T141001Z_a5cc9eeb_wfr_partition_causal
1,wfr,partition,causal,recovery,401,401,0,0,0,1.0,0.0,0,0,20.923,24.676,20260918T141001Z_a5cc9eeb_wfr_partition_causal
1,ryw,normal,weak,overall,1000,1000,0,0,0,1.0,0.0,0,0,6.388,8.103,20260918T141102Z_c51730c5_ryw_normal_weak
1,ryw,normal,weak,normal,1000,1000,0,0,0,1.0,0.0,0,0,6.388,8.103,20260918T141102Z_c51730c5_ryw_normal_weak
1,mw,partition,weak,overall,1000,985,0,1,14,0.985,0.0,0,0,28.798,112.536,20260918T141111Z_b539af15_mw_partition_weak
1,mw,partition,weak,normal,199,199,0,0,0,1.0,0.0,0,0,27.379,31.159,20260918T141111Z_b539af15_mw_partition_weak
1,mw,partition,weak,transition,1,0,0,1,0,0.0,,0,0,,,20260918T141111Z_b539af15_mw_partition_weak
1,mw,partition,weak,fault,399,385,0,0,14,0.9649122807017544,0.0,0,0,101.146,115.54,20260918T141111Z_b539af15_mw_partition_weak
1,mw,partition,weak,recovery,401,401,0,0,0,1.0,0.0,0,0,27.091,29.884,20260918T141111Z_b539af15_mw_partition_weak
1,wfr,failure,majority,overall,1000,1000,0,0,0,1.0,0.0,0,0,20.944,25.537,20260918T141245Z_e1d68a25_wfr_failure_majority
1,wfr,failure,majority,normal,199,199,0,0,0,1.0,0.0,0,0,20.811,25.413,20260918T141245Z_e1d68a25_wfr_failure_majority
1,wfr,failure,majority,transition,1,1,0,0,0,1.0,0.0,0,0,46.66,46.66,20260918T141245Z_e1d68a25_wfr_failure_majority
1,wfr,failure,majority,fault,399,399,0,0,0,1.0,0.0,0,0,21.424,26.191,20260918T141245Z_e1d68a25_wfr_failure_majority
1,wfr,failure,majority,recovery,401,401,0,0,0,1.0,0.0,0,0,20.455,24.732,20260918T141245Z_e1d68a25_wfr_failure_majority
1,mw,failure,weak,overall,1000,1000,0,0,0,1.0,0.0,0,0,28.449,112.237,20260918T141317Z_eaf375f1_mw_failure_weak
1,mw,failure,weak,normal,199,199,0,0,0,1.0,0.0,0,0,25.206,29.305,20260918T141317Z_eaf375f1_mw_failure_weak
1,mw,failure,weak,transition,1,1,0,0,0,1.0,0.0,0,0,125.307,125.307,20260918T141317Z_eaf375f1_mw_failure_weak
1,mw,failure,weak,fault,399,399,0,0,0,1.0,0.0,0,0,100.908,114.095,20260918T141317Z_eaf375f1_mw_failure_weak
1,mw,failure,weak,recovery,401,401,0,0,0,1.0,0.0,0,0,26.888,31.59,20260918T141317Z_eaf375f1_mw_failure_weak
1,mr,failure,weak,overall,1000,1000,45,0,0,1.0,0.045,2000,45,10.061,19.633,20260918T141425Z_308f5d42_mr_failure_weak
1,mr,failure,weak,normal,199,199,0,0,0,1.0,0.0,398,0,10.04,12.703,20260918T141425Z_308f5d42_mr_failure_weak
1,mr,failure,weak,transition,1,1,0,0,0,1.0,0.0,2,0,12.933,12.933,20260918T141425Z_308f5d42_mr_failure_weak
1,mr,failure,weak,fault,399,399,45,0,0,1.0,0.11278195488721804,798,45,9.931,30.465,20260918T141425Z_308f5d42_mr_failure_weak
1,mr,failure,weak,recovery,401,401,0,0,0,1.0,0.0,802,0,10.165,12.52,20260918T141425Z_308f5d42_mr_failure_weak
1,ryw,partition,weak,overall,1000,999,0,1,0,0.999,0.0,0,0,6.768,7.964,20260918T141448Z_4855d168_ryw_partition_weak
1,ryw,partition,weak,normal,199,199,0,0,0,1.0,0.0,0,0,7.15,8.307,20260918T141448Z_4855d168_ryw_partition_weak
1,ryw,partition,weak,transition,1,1,0,0,0,1.0,0.0,0,0,12.062,12.062,20260918T141448Z_4855d168_ryw_partition_weak
1,ryw,partition,weak,fault,399,398,0,1,0,0.9974937343358395,0.0,0,0,6.399,7.945,20260918T141448Z_4855d168_ryw_partition_weak
1,ryw,partition,weak,recovery,401,401,0,0,0,1.0,0.0,0,0,6.883,7.856,20260918T141448Z_4855d168_ryw_partition_weak
2,ryw,normal,majority,overall,1000,1000,0,0,0,1.0,0.0,0,0,10.335,12.327,20260918T141510Z_7ac276ab_ryw_normal_majority
2,ryw,normal,majority,normal,1000,1000,0,0,0,1.0,0.0,0,0,10.335,12.327,20260918T141510Z_7ac276ab_ryw_normal_majority
2,wfr,failure,weak,overall,1000,1000,0,0,0,1.0,0.0,0,0,30.173,112.06,20260918T141523Z_5b8d51d2_wfr_failure_weak
2,wfr,failure,weak,normal,199,199,0,0,0,1.0,0.0,0,0,28.695,32.665,20260918T141523Z_5b8d51d2_wfr_failure_weak
2,wfr,failure,weak,transition,1,1,0,0,0,1.0,0.0,0,0,516.475,516.475,20260918T141523Z_5b8d51d2_wfr_failure_weak
2,wfr,failure,weak,fault,399,399,0,0,0,1.0,0.0,0,0,101.263,115.541,20260918T141523Z_5b8d51d2_wfr_failure_weak
2,wfr,failure,weak,recovery,401,401,0,0,0,1.0,0.0,0,0,28.591,31.896,20260918T141523Z_5b8d51d2_wfr_failure_weak
2,ryw,partition,causal,overall,1000,999,0,1,0,0.999,0.0,0,0,10.026,12.315,20260918T141633Z_8dc6eb52_ryw_partition_causal
2,ryw,partition,causal,normal,199,199,0,0,0,1.0,0.0,0,0,10.285,12.026,20260918T141633Z_8dc6eb52_ryw_partition_causal
2,ryw,partition,causal,transition,1,1,0,0,0,1.0,0.0,0,0,13.605,13.605,20260918T141633Z_8dc6eb52_ryw_partition_causal
2,ryw,partition,causal,fault,399,398,0,1,0,0.9974937343358395,0.0,0,0,10.108,13.238,20260918T141633Z_8dc6eb52_ryw_partition_causal
2,ryw,partition,causal,recovery,401,401,0,0,0,1.0,0.0,0,0,9.824,11.798,20260918T141633Z_8dc6eb52_ryw_partition_causal
2,mw,normal,majority,overall,1000,1000,0,0,0,1.0,0.0,0,0,16.216,17.956,20260918T141722Z_6d2c08f3_mw_normal_majority
2,mw,normal,majority,normal,1000,1000,0,0,0,1.0,0.0,0,0,16.216,17.956,20260918T141722Z_6d2c08f3_mw_normal_majority
2,mr,partition,weak,overall,1000,999,1,1,0,0.999,0.001001001001001001,1998,1,9.596,11.044,20260918T141741Z_3e9a4142_mr_partition_weak
2,mr,partition,weak,normal,199,199,1,0,0,1.0,0.005025125628140704,398,1,9.328,11.126,20260918T141741Z_3e9a4142_mr_partition_weak
2,mr,partition,weak,transition,1,1,0,0,0,1.0,0.0,2,0,13.145,13.145,20260918T141741Z_3e9a4142_mr_partition_weak
2,mr,partition,weak,fault,399,398,0,1,0,0.9974937343358395,0.0,796,0,9.743,11.229,20260918T141741Z_3e9a4142_mr_partition_weak
2,mr,partition,weak,recovery,401,401,0,0,0,1.0,0.0,802,0,9.469,10.68,20260918T141741Z_3e9a4142_mr_partition_weak
2,mw,failure,weak,overall,1000,1000,0,0,0,1.0,0.0,0,0,27.608,112.778,20260918T141806Z_66001979_mw_failure_weak
2,mw,failure,weak,normal,199,199,0,0,0,1.0,0.0,0,0,25.176,28.584,20260918T141806Z_66001979_mw_failure_weak
2,mw,failure,weak,transition,1,1,0,0,0,1.0,0.0,0,0,117.379,117.379,20260918T141806Z_66001979_mw_failure_weak
2,mw,failure,weak,fault,399,399,0,0,0,1.0,0.0,0,0,99.152,114.095,20260918T141806Z_66001979_mw_failure_weak
2,mw,failure,weak,recovery,401,401,0,0,0,1.0,0.0,0,0,26.212,28.877,20260918T141806Z_66001979_mw_failure_weak
2,ryw,failure,weak,overall,1000,1000,76,0,0,1.0,0.076,0,0,6.467,7.572,20260918T141914Z_2b87e7ac_ryw_failure_weak
2,ryw,failure,weak,normal,199,199,3,0,0,1.0,0.01507537688442211,0,0,6.852,7.543,20260918T141914Z_2b87e7ac_ryw_failure_weak
2,ryw,failure,weak,transition,1,1,0,0,0,1.0,0.0,0,0,9.584,9.584,20260918T141914Z_2b87e7ac_ryw_failure_weak
2,ryw,failure,weak,fault,399,399,73,0,0,1.0,0.18295739348370926,0,0,6.456,7.636,20260918T141914Z_2b87e7ac_ryw_failure_weak
2,ryw,failure,weak,recovery,401,401,0,0,0,1.0,0.0,0,0,6.239,7.565,20260918T141914Z_2b87e7ac_ryw_failure_weak
2,wfr,normal,weak,overall,1000,1000,0,0,0,1.0,0.0,0,0,28.832,32.163,20260918T141931Z_f1446c3c_wfr_normal_weak
2,wfr,normal,weak,normal,1000,1000,0,0,0,1.0,0.0,0,0,28.832,32.163,20260918T141931Z_f1446c3c_wfr_normal_weak
2,ryw,failure,causal,overall,1000,1000,0,0,0,1.0,0.0,0,0,9.941,12.238,20260918T142002Z_84d1fc41_ryw_failure_causal
2,ryw,failure,causal,normal,199,199,0,0,0,1.0,0.0,0,0,9.741,11.237,20260918T142002Z_84d1fc41_ryw_failure_causal
2,ryw,failure,causal,transition,1,1,0,0,0,1.0,0.0,0,0,13.512,13.512,20260918T142002Z_84d1fc41_ryw_failure_causal
2,ryw,failure,causal,fault,399,399,0,0,0,1.0,0.0,0,0,10.09,12.727,20260918T142002Z_84d1fc41_ryw_failure_causal
2,ryw,failure,causal,recovery,401,401,0,0,0,1.0,0.0,0,0,9.848,12.218,20260918T142002Z_84d1fc41_ryw_failure_causal
2,ryw,failure,majority,overall,1000,1000,1,0,0,1.0,0.001,0,0,9.69,11.881,20260918T142024Z_20187dee_ryw_failure_majority
2,ryw,failure,majority,normal,199,199,1,0,0,1.0,0.005025125628140704,0,0,9.522,10.729,20260918T142024Z_20187dee_ryw_failure_majority
2,ryw,failure,majority,transition,1,1,0,0,0,1.0,0.0,0,0,12.78,12.78,20260918T142024Z_20187dee_ryw_failure_majority
2,ryw,failure,majority,fault,399,399,0,0,0,1.0,0.0,0,0,10.049,12.618,20260918T142024Z_20187dee_ryw_failure_majority
2,ryw,failure,majority,recovery,401,401,0,0,0,1.0,0.0,0,0,9.456,11.016,20260918T142024Z_20187dee_ryw_failure_majority
2,mr,failure,causal,overall,1000,1000,0,0,0,1.0,0.0,2000,0,12.984,15.428,20260918T142044Z_11a159b1_mr_failure_causal
2,mr,failure,causal,normal,199,199,0,0,0,1.0,0.0,398,0,12.591,14.779,20260918T142044Z_11a159b1_mr_failure_causal
2,mr,failure,causal,transition,1,1,0,0,0,1.0,0.0,2,0,18.814,18.814,20260918T142044Z_11a159b1_mr_failure_causal
2,mr,failure,causal,fault,399,399,0,0,0,1.0,0.0,798,0,13.384,16.014,20260918T142044Z_11a159b1_mr_failure_causal
2,mr,failure,causal,recovery,401,401,0,0,0,1.0,0.0,802,0,12.866,15.319,20260918T142044Z_11a159b1_mr_failure_causal
2,mr,normal,weak,overall,1000,1000,1,0,0,1.0,0.001,2000,1,9.404,10.554,20260918T142109Z_7ea6f272_mr_normal_weak
2,mr,normal,weak,normal,1000,1000,1,0,0,1.0,0.001,2000,1,9.404,10.554,20260918T142109Z_7ea6f272_mr_normal_weak
2,mw,partition,majority,overall,1000,999,0,1,0,0.999,0.0,0,0,16.955,19.989,20260918T142121Z_a7f11226_mw_partition_majority
2,mw,partition,majority,normal,199,199,0,0,0,1.0,0.0,0,0,16.548,18.567,20260918T142121Z_a7f11226_mw_partition_majority
2,mw,partition,majority,transition,1,0,0,1,0,0.0,,0,0,,,20260918T142121Z_a7f11226_mw_partition_majority
2,mw,partition,majority,fault,399,399,0,0,0,1.0,0.0,0,0,17.189,21.145,20260918T142121Z_a7f11226_mw_partition_majority
2,mw,partition,majority,recovery,401,401,0,0,0,1.0,0.0,0,0,16.855,19.678,20260918T142121Z_a7f11226_mw_partition_majority
2,mr,failure,weak,overall,1000,1000,1,0,0,1.0,0.001,2000,1,9.401,10.807,20260918T142217Z_5b26ab0d_mr_failure_weak
2,mr,failure,weak,normal,199,199,1,0,0,1.0,0.005025125628140704,398,1,9.013,10.397,20260918T142217Z_5b26ab0d_mr_failure_weak
2,mr,failure,weak,transition,1,1,0,0,0,1.0,0.0,2,0,12.378,12.378,20260918T142217Z_5b26ab0d_mr_failure_weak
2,mr,failure,weak,fault,399,399,0,0,0,1.0,0.0,798,0,9.69,11.087,20260918T142217Z_5b26ab0d_mr_failure_weak
2,mr,failure,weak,recovery,401,401,0,0,0,1.0,0.0,802,0,9.321,10.378,20260918T142217Z_5b26ab0d_mr_failure_weak
2,ryw,partition,majority,overall,1000,999,0,1,0,0.999,0.0,0,0,9.969,12.459,20260918T142238Z_c3c51cb9_ryw_partition_majority
2,ryw,partition,majority,normal,199,199,0,0,0,1.0,0.0,0,0,10.15,12.276,20260918T142238Z_c3c51cb9_ryw_partition_majority
2,ryw,partition,majority,transition,1,1,0,0,0,1.0,0.0,0,0,14.831,14.831,20260918T142238Z_c3c51cb9_ryw_partition_majority
2,ryw,partition,majority,fault,399,398,0,1,0,0.9974937343358395,0.0,0,0,10.164,15.962,20260918T142238Z_c3c51cb9_ryw_partition_majority
2,ryw,partition,majority,recovery,401,401,0,0,0,1.0,0.0,0,0,9.735,10.872,20260918T142238Z_c3c51cb9_ryw_partition_majority
2,mw,normal,causal,overall,1000,1000,0,0,0,1.0,0.0,0,0,16.274,18.042,20260918T142327Z_45d75b21_mw_normal_causal
2,mw,normal,causal,normal,1000,1000,0,0,0,1.0,0.0,0,0,16.274,18.042,20260918T142327Z_45d75b21_mw_normal_causal
2,mw,failure,causal,overall,1000,1000,0,0,0,1.0,0.0,0,0,16.786,20.134,20260918T142346Z_522addf1_mw_failure_causal
2,mw,failure,causal,normal,199,199,0,0,0,1.0,0.0,0,0,16.618,18.513,20260918T142346Z_522addf1_mw_failure_causal
2,mw,failure,causal,transition,1,1,0,0,0,1.0,0.0,0,0,56.023,56.023,20260918T142346Z_522addf1_mw_failure_causal
2,mw,failure,causal,fault,399,399,0,0,0,1.0,0.0,0,0,17.401,21.983,20260918T142346Z_522addf1_mw_failure_causal
2,mw,failure,causal,recovery,401,401,0,0,0,1.0,0.0,0,0,16.402,18.654,20260918T142346Z_522addf1_mw_failure_causal
2,mw,failure,majority,overall,1000,1000,0,0,0,1.0,0.0,0,0,16.742,20.127,20260918T142414Z_e400c787_mw_failure_majority
2,mw,failure,majority,normal,199,199,0,0,0,1.0,0.0,0,0,16.798,18.949,20260918T142414Z_e400c787_mw_failure_majority
2,mw,failure,majority,transition,1,1,0,0,0,1.0,0.0,0,0,559.817,559.817,20260918T142414Z_e400c787_mw_failure_majority
2,mw,failure,majority,fault,399,399,0,0,0,1.0,0.0,0,0,17.296,21.288,20260918T142414Z_e400c787_mw_failure_majority
2,mw,failure,majority,recovery,401,401,0,0,0,1.0,0.0,0,0,16.378,18.281,20260918T142414Z_e400c787_mw_failure_majority
2,ryw,partition,weak,overall,1000,999,3,1,0,0.999,0.003003003003003003,0,0,6.221,7.639,20260918T142443Z_bb2bea58_ryw_partition_weak
2,ryw,partition,weak,normal,199,199,3,0,0,1.0,0.01507537688442211,0,0,5.984,6.67,20260918T142443Z_bb2bea58_ryw_partition_weak
2,ryw,partition,weak,transition,1,1,0,0,0,1.0,0.0,0,0,9.846,9.846,20260918T142443Z_bb2bea58_ryw_partition_weak
2,ryw,partition,weak,fault,399,398,0,1,0,0.9974937343358395,0.0,0,0,6.402,7.784,20260918T142443Z_bb2bea58_ryw_partition_weak
2,ryw,partition,weak,recovery,401,401,0,0,0,1.0,0.0,0,0,6.167,7.72,20260918T142443Z_bb2bea58_ryw_partition_weak
2,mw,partition,weak,overall,1000,986,0,1,13,0.986,0.0,0,0,27.501,112.581,20260918T142505Z_4c65f38f_mw_partition_weak
2,mw,partition,weak,normal,199,199,0,0,0,1.0,0.0,0,0,25.93,30.07,20260918T142505Z_4c65f38f_mw_partition_weak
2,mw,partition,weak,transition,1,0,0,1,0,0.0,,0,0,,,20260918T142505Z_4c65f38f_mw_partition_weak
2,mw,partition,weak,fault,399,386,0,0,13,0.9674185463659147,0.0,0,0,99.933,114.707,20260918T142505Z_4c65f38f_mw_partition_weak
2,mw,partition,weak,recovery,401,401,0,0,0,1.0,0.0,0,0,25.845,28.763,20260918T142505Z_4c65f38f_mw_partition_weak
2,wfr,normal,majority,overall,1000,1000,0,0,0,1.0,0.0,0,0,19.526,22.137,20260918T142638Z_aefa49a3_wfr_normal_majority
2,wfr,normal,majority,normal,1000,1000,0,0,0,1.0,0.0,0,0,19.526,22.137,20260918T142638Z_aefa49a3_wfr_normal_majority
2,wfr,partition,weak,overall,1000,999,0,1,0,0.999,0.0,0,0,30.084,113.082,20260918T142700Z_173c1540_wfr_partition_weak
2,wfr,partition,weak,normal,199,199,0,0,0,1.0,0.0,0,0,28.357,32.625,20260918T142700Z_173c1540_wfr_partition_weak
2,wfr,partition,weak,transition,1,0,0,1,0,0.0,,0,0,,,20260918T142700Z_173c1540_wfr_partition_weak
2,wfr,partition,weak,fault,399,399,0,0,0,1.0,0.0,0,0,101.125,115.363,20260918T142700Z_173c1540_wfr_partition_weak
2,wfr,partition,weak,recovery,401,401,0,0,0,1.0,0.0,0,0,28.316,31.803,20260918T142700Z_173c1540_wfr_partition_weak
2,mw,normal,weak,overall,1000,1000,0,0,0,1.0,0.0,0,0,25.883,28.46,20260918T142813Z_d0469aad_mw_normal_weak
2,mw,normal,weak,normal,1000,1000,0,0,0,1.0,0.0,0,0,25.883,28.46,20260918T142813Z_d0469aad_mw_normal_weak
2,wfr,normal,causal,overall,1000,1000,0,0,0,1.0,0.0,0,0,19.827,22.886,20260918T142841Z_1da2febc_wfr_normal_causal
2,wfr,normal,causal,normal,1000,1000,0,0,0,1.0,0.0,0,0,19.827,22.886,20260918T142841Z_1da2febc_wfr_normal_causal
2,wfr,failure,majority,overall,1000,1000,0,0,0,1.0,0.0,0,0,20.707,37.539,20260918T142903Z_be5aa8ad_wfr_failure_majority
2,wfr,failure,majority,normal,199,199,0,0,0,1.0,0.0,0,0,20.092,23.426,20260918T142903Z_be5aa8ad_wfr_failure_majority
2,wfr,failure,majority,transition,1,1,0,0,0,1.0,0.0,0,0,560.854,560.854,20260918T142903Z_be5aa8ad_wfr_failure_majority
2,wfr,failure,majority,fault,399,399,0,0,0,1.0,0.0,0,0,20.776,36.535,20260918T142903Z_be5aa8ad_wfr_failure_majority
2,wfr,failure,majority,recovery,401,401,0,0,0,1.0,0.0,0,0,20.822,45.92,20260918T142903Z_be5aa8ad_wfr_failure_majority
2,mr,normal,majority,overall,1000,1000,0,0,0,1.0,0.0,2000,0,12.905,15.161,20260918T142937Z_56192591_mr_normal_majority
2,mr,normal,majority,normal,1000,1000,0,0,0,1.0,0.0,2000,0,12.905,15.161,20260918T142937Z_56192591_mr_normal_majority
2,wfr,failure,causal,overall,1000,1000,0,0,0,1.0,0.0,0,0,19.821,22.973,20260918T142952Z_0072377e_wfr_failure_causal
2,wfr,failure,causal,normal,199,199,0,0,0,1.0,0.0,0,0,19.737,23.283,20260918T142952Z_0072377e_wfr_failure_causal
2,wfr,failure,causal,transition,1,1,0,0,0,1.0,0.0,0,0,124.847,124.847,20260918T142952Z_0072377e_wfr_failure_causal
2,wfr,failure,causal,fault,399,399,0,0,0,1.0,0.0,0,0,20.291,23.42,20260918T142952Z_0072377e_wfr_failure_causal
2,wfr,failure,causal,recovery,401,401,0,0,0,1.0,0.0,0,0,19.346,22.065,20260918T142952Z_0072377e_wfr_failure_causal
2,mr,partition,majority,overall,1000,999,0,1,0,0.999,0.0,1998,0,12.74,15.355,20260918T143023Z_ad8425bf_mr_partition_majority
2,mr,partition,majority,normal,199,199,0,0,0,1.0,0.0,398,0,12.806,14.855,20260918T143023Z_ad8425bf_mr_partition_majority
2,mr,partition,majority,transition,1,1,0,0,0,1.0,0.0,2,0,16.84,16.84,20260918T143023Z_ad8425bf_mr_partition_majority
2,mr,partition,majority,fault,399,398,0,1,0,0.9974937343358395,0.0,796,0,12.604,16.29,20260918T143023Z_ad8425bf_mr_partition_majority
2,mr,partition,majority,recovery,401,401,0,0,0,1.0,0.0,802,0,12.783,14.475,20260918T143023Z_ad8425bf_mr_partition_majority
2,mw,partition,causal,overall,1000,999,0,1,0,0.999,0.0,0,0,16.765,20.963,20260918T143115Z_e9c1f211_mw_partition_causal
2,mw,partition,causal,normal,199,199,0,0,0,1.0,0.0,0,0,16.442,18.338,20260918T143115Z_e9c1f211_mw_partition_causal
2,mw,partition,causal,transition,1,0,0,1,0,0.0,,0,0,,,20260918T143115Z_e9c1f211_mw_partition_causal
2,mw,partition,causal,fault,399,399,0,0,0,1.0,0.0,0,0,17.137,32.119,20260918T143115Z_e9c1f211_mw_partition_causal
2,mw,partition,causal,recovery,401,401,0,0,0,1.0,0.0,0,0,16.689,19.841,20260918T143115Z_e9c1f211_mw_partition_causal
2,wfr,partition,majority,overall,1000,999,0,1,0,0.999,0.0,0,0,20.076,23.334,20260918T143212Z_1b71fc0b_wfr_partition_majority
2,wfr,partition,majority,normal,199,199,0,0,0,1.0,0.0,0,0,19.921,23.491,20260918T143212Z_1b71fc0b_wfr_partition_majority
2,wfr,partition,majority,transition,1,0,0,1,0,0.0,,0,0,,,20260918T143212Z_1b71fc0b_wfr_partition_majority
2,wfr,partition,majority,fault,399,399,0,0,0,1.0,0.0,0,0,20.493,24.356,20260918T143212Z_1b71fc0b_wfr_partition_majority
2,wfr,partition,majority,recovery,401,401,0,0,0,1.0,0.0,0,0,19.769,22.249,20260918T143212Z_1b71fc0b_wfr_partition_majority
2,ryw,normal,weak,overall,1000,1000,7,0,0,1.0,0.007,0,0,6.113,7.113,20260918T143307Z_0b0d450e_ryw_normal_weak
2,ryw,normal,weak,normal,1000,1000,7,0,0,1.0,0.007,0,0,6.113,7.113,20260918T143307Z_0b0d450e_ryw_normal_weak
2,mr,normal,causal,overall,1000,1000,0,0,0,1.0,0.0,2000,0,12.896,14.608,20260918T143316Z_2f91aaaa_mr_normal_causal
2,mr,normal,causal,normal,1000,1000,0,0,0,1.0,0.0,2000,0,12.896,14.608,20260918T143316Z_2f91aaaa_mr_normal_causal
2,mr,partition,causal,overall,1000,999,0,1,0,0.999,0.0,1998,0,13.267,15.814,20260918T143331Z_10bb9f0b_mr_partition_causal
2,mr,partition,causal,normal,199,199,0,0,0,1.0,0.0,398,0,13.275,15.472,20260918T143331Z_10bb9f0b_mr_partition_causal
2,mr,partition,causal,transition,1,1,0,0,0,1.0,0.0,2,0,16.098,16.098,20260918T143331Z_10bb9f0b_mr_partition_causal
2,mr,partition,causal,fault,399,398,0,1,0,0.9974937343358395,0.0,796,0,13.499,17.434,20260918T143331Z_10bb9f0b_mr_partition_causal
2,mr,partition,causal,recovery,401,401,0,0,0,1.0,0.0,802,0,13.166,14.699,20260918T143331Z_10bb9f0b_mr_partition_causal
2,wfr,partition,causal,overall,1000,999,0,1,0,0.999,0.0,0,0,20.052,23.67,20260918T143424Z_b116b500_wfr_partition_causal
2,wfr,partition,causal,normal,199,199,0,0,0,1.0,0.0,0,0,19.577,21.75,20260918T143424Z_b116b500_wfr_partition_causal
2,wfr,partition,causal,transition,1,0,0,1,0,0.0,,0,0,,,20260918T143424Z_b116b500_wfr_partition_causal
2,wfr,partition,causal,fault,399,399,0,0,0,1.0,0.0,0,0,20.396,25.007,20260918T143424Z_b116b500_wfr_partition_causal
2,wfr,partition,causal,recovery,401,401,0,0,0,1.0,0.0,0,0,20.104,22.924,20260918T143424Z_b116b500_wfr_partition_causal
2,ryw,normal,causal,overall,1000,1000,0,0,0,1.0,0.0,0,0,9.81,12.09,20260918T143522Z_dc375585_ryw_normal_causal
2,ryw,normal,causal,normal,1000,1000,0,0,0,1.0,0.0,0,0,9.81,12.09,20260918T143522Z_dc375585_ryw_normal_causal
2,mr,failure,majority,overall,1000,1000,2,0,0,1.0,0.002,2000,2,13.025,15.467,20260918T143534Z_193bffea_mr_failure_majority
2,mr,failure,majority,normal,199,199,2,0,0,1.0,0.010050251256281407,398,2,13.47,15.971,20260918T143534Z_193bffea_mr_failure_majority
2,mr,failure,majority,transition,1,1,0,0,0,1.0,0.0,2,0,18.307,18.307,20260918T143534Z_193bffea_mr_failure_majority
2,mr,failure,majority,fault,399,399,0,0,0,1.0,0.0,798,0,13.14,15.976,20260918T143534Z_193bffea_mr_failure_majority
2,mr,failure,majority,recovery,401,401,0,0,0,1.0,0.0,802,0,12.813,14.772,20260918T143534Z_193bffea_mr_failure_majority
3,mw,failure,majority,overall,1000,1000,0,0,0,1.0,0.0,0,0,16.563,19.786,20260918T143559Z_5089a2d5_mw_failure_majority
3,mw,failure,majority,normal,199,199,0,0,0,1.0,0.0,0,0,16.461,18.105,20260918T143559Z_5089a2d5_mw_failure_majority
3,mw,failure,majority,transition,1,1,0,0,0,1.0,0.0,0,0,558.742,558.742,20260918T143559Z_5089a2d5_mw_failure_majority
3,mw,failure,majority,fault,399,399,0,0,0,1.0,0.0,0,0,16.976,21.783,20260918T143559Z_5089a2d5_mw_failure_majority
3,mw,failure,majority,recovery,401,401,0,0,0,1.0,0.0,0,0,16.443,19.205,20260918T143559Z_5089a2d5_mw_failure_majority
3,mr,failure,weak,overall,1000,1000,4,0,0,1.0,0.004,2000,4,9.54,10.99,20260918T143627Z_ec7b5cab_mr_failure_weak
3,mr,failure,weak,normal,199,199,0,0,0,1.0,0.0,398,0,9.207,10.444,20260918T143627Z_ec7b5cab_mr_failure_weak
3,mr,failure,weak,transition,1,1,0,0,0,1.0,0.0,2,0,19.327,19.327,20260918T143627Z_ec7b5cab_mr_failure_weak
3,mr,failure,weak,fault,399,399,4,0,0,1.0,0.010025062656641603,798,4,9.723,11.384,20260918T143627Z_ec7b5cab_mr_failure_weak
3,mr,failure,weak,recovery,401,401,0,0,0,1.0,0.0,802,0,9.546,10.703,20260918T143627Z_ec7b5cab_mr_failure_weak
3,wfr,failure,causal,overall,1000,1000,0,0,0,1.0,0.0,0,0,19.801,23.14,20260918T143648Z_f4ce5449_wfr_failure_causal
3,wfr,failure,causal,normal,199,199,0,0,0,1.0,0.0,0,0,19.963,23.955,20260918T143648Z_f4ce5449_wfr_failure_causal
3,wfr,failure,causal,transition,1,1,0,0,0,1.0,0.0,0,0,549.832,549.832,20260918T143648Z_f4ce5449_wfr_failure_causal
3,wfr,failure,causal,fault,399,399,0,0,0,1.0,0.0,0,0,20.351,23.412,20260918T143648Z_f4ce5449_wfr_failure_causal
3,wfr,failure,causal,recovery,401,401,0,0,0,1.0,0.0,0,0,19.247,21.361,20260918T143648Z_f4ce5449_wfr_failure_causal
3,wfr,partition,weak,overall,1000,987,0,1,12,0.987,0.0,0,0,29.555,113.603,20260918T143720Z_a4eb0e09_wfr_partition_weak
3,wfr,partition,weak,normal,199,199,0,0,0,1.0,0.0,0,0,28.559,30.257,20260918T143720Z_a4eb0e09_wfr_partition_weak
3,wfr,partition,weak,transition,1,0,0,1,0,0.0,,0,0,,,20260918T143720Z_a4eb0e09_wfr_partition_weak
3,wfr,partition,weak,fault,399,387,0,0,12,0.9699248120300752,0.0,0,0,101.21,115.543,20260918T143720Z_a4eb0e09_wfr_partition_weak
3,wfr,partition,weak,recovery,401,401,0,0,0,1.0,0.0,0,0,28.641,31.248,20260918T143720Z_a4eb0e09_wfr_partition_weak
3,wfr,failure,majority,overall,1000,1000,0,0,0,1.0,0.0,0,0,19.915,23.102,20260918T143855Z_c83875e0_wfr_failure_majority
3,wfr,failure,majority,normal,199,199,0,0,0,1.0,0.0,0,0,19.68,21.905,20260918T143855Z_c83875e0_wfr_failure_majority
3,wfr,failure,majority,transition,1,1,0,0,0,1.0,0.0,0,0,549.828,549.828,20260918T143855Z_c83875e0_wfr_failure_majority
3,wfr,failure,majority,fault,399,399,0,0,0,1.0,0.0,0,0,20.248,23.539,20260918T143855Z_c83875e0_wfr_failure_majority
3,wfr,failure,majority,recovery,401,401,0,0,0,1.0,0.0,0,0,19.755,22.364,20260918T143855Z_c83875e0_wfr_failure_majority
3,mw,normal,causal,overall,1000,1000,0,0,0,1.0,0.0,0,0,16.335,18.232,20260918T143926Z_13426b02_mw_normal_causal
3,mw,normal,causal,normal,1000,1000,0,0,0,1.0,0.0,0,0,16.335,18.232,20260918T143926Z_13426b02_mw_normal_causal
3,mw,partition,weak,overall,1000,986,0,1,13,0.986,0.0,0,0,27.006,112.911,20260918T143945Z_82d8f753_mw_partition_weak
3,mw,partition,weak,normal,199,199,0,0,0,1.0,0.0,0,0,25.402,27.683,20260918T143945Z_82d8f753_mw_partition_weak
3,mw,partition,weak,transition,1,0,0,1,0,0.0,,0,0,,,20260918T143945Z_82d8f753_mw_partition_weak
3,mw,partition,weak,fault,399,386,0,0,13,0.9674185463659147,0.0,0,0,99.008,114.696,20260918T143945Z_82d8f753_mw_partition_weak
3,mw,partition,weak,recovery,401,401,0,0,0,1.0,0.0,0,0,25.683,28.314,20260918T143945Z_82d8f753_mw_partition_weak
3,mw,partition,majority,overall,1000,999,0,1,0,0.999,0.0,0,0,16.894,20.123,20260918T144118Z_a708f98c_mw_partition_majority
3,mw,partition,majority,normal,199,199,0,0,0,1.0,0.0,0,0,16.834,19.166,20260918T144118Z_a708f98c_mw_partition_majority
3,mw,partition,majority,transition,1,0,0,1,0,0.0,,0,0,,,20260918T144118Z_a708f98c_mw_partition_majority
3,mw,partition,majority,fault,399,399,0,0,0,1.0,0.0,0,0,17.1,21.822,20260918T144118Z_a708f98c_mw_partition_majority
3,mw,partition,majority,recovery,401,401,0,0,0,1.0,0.0,0,0,16.714,19.367,20260918T144118Z_a708f98c_mw_partition_majority
3,wfr,normal,causal,overall,1000,1000,0,0,0,1.0,0.0,0,0,19.769,22.296,20260918T144150Z_0022f965_wfr_normal_causal
3,wfr,normal,causal,normal,1000,1000,0,0,0,1.0,0.0,0,0,19.769,22.296,20260918T144150Z_0022f965_wfr_normal_causal
3,mr,failure,causal,overall,1000,1000,0,0,0,1.0,0.0,2000,0,13.023,16.073,20260918T144212Z_5f59f2ca_mr_failure_causal
3,mr,failure,causal,normal,199,199,0,0,0,1.0,0.0,398,0,13.117,15.699,20260918T144212Z_5f59f2ca_mr_failure_causal
3,mr,failure,causal,transition,1,1,0,0,0,1.0,0.0,2,0,19.596,19.596,20260918T144212Z_5f59f2ca_mr_failure_causal
3,mr,failure,causal,fault,399,399,0,0,0,1.0,0.0,798,0,13.038,15.848,20260918T144212Z_5f59f2ca_mr_failure_causal
3,mr,failure,causal,recovery,401,401,0,0,0,1.0,0.0,802,0,12.931,17.839,20260918T144212Z_5f59f2ca_mr_failure_causal
3,mr,normal,majority,overall,1000,1000,0,0,0,1.0,0.0,2000,0,13.219,23.944,20260918T144236Z_fa101381_mr_normal_majority
3,mr,normal,majority,normal,1000,1000,0,0,0,1.0,0.0,2000,0,13.219,23.944,20260918T144236Z_fa101381_mr_normal_majority
3,ryw,partition,weak,overall,1000,999,3,1,0,0.999,0.003003003003003003,0,0,6.239,7.59,20260918T144254Z_80854050_ryw_partition_weak
3,ryw,partition,weak,normal,199,199,3,0,0,1.0,0.01507537688442211,0,0,6.355,14.683,20260918T144254Z_80854050_ryw_partition_weak
3,ryw,partition,weak,transition,1,1,0,0,0,1.0,0.0,0,0,10.82,10.82,20260918T144254Z_80854050_ryw_partition_weak
3,ryw,partition,weak,fault,399,398,0,1,0,0.9974937343358395,0.0,0,0,6.291,7.567,20260918T144254Z_80854050_ryw_partition_weak
3,ryw,partition,weak,recovery,401,401,0,0,0,1.0,0.0,0,0,6.107,7.204,20260918T144254Z_80854050_ryw_partition_weak
3,wfr,partition,majority,overall,1000,999,0,1,0,0.999,0.0,0,0,20.096,23.418,20260918T144316Z_f6bef15b_wfr_partition_majority
3,wfr,partition,majority,normal,199,199,0,0,0,1.0,0.0,0,0,19.987,23.095,20260918T144316Z_f6bef15b_wfr_partition_majority
3,wfr,partition,majority,transition,1,0,0,1,0,0.0,,0,0,,,20260918T144316Z_f6bef15b_wfr_partition_majority
3,wfr,partition,majority,fault,399,399,0,0,0,1.0,0.0,0,0,20.575,24.152,20260918T144316Z_f6bef15b_wfr_partition_majority
3,wfr,partition,majority,recovery,401,401,0,0,0,1.0,0.0,0,0,19.703,21.841,20260918T144316Z_f6bef15b_wfr_partition_majority
3,mw,normal,weak,overall,1000,1000,0,0,0,1.0,0.0,0,0,26.343,32.341,20260918T144351Z_ed049db5_mw_normal_weak
3,mw,normal,weak,normal,1000,1000,0,0,0,1.0,0.0,0,0,26.343,32.341,20260918T144351Z_ed049db5_mw_normal_weak
3,mr,normal,causal,overall,1000,1000,0,0,0,1.0,0.0,2000,0,12.837,14.589,20260918T144419Z_81ee65dd_mr_normal_causal
3,mr,normal,causal,normal,1000,1000,0,0,0,1.0,0.0,2000,0,12.837,14.589,20260918T144419Z_81ee65dd_mr_normal_causal
3,ryw,partition,causal,overall,1000,999,0,1,0,0.999,0.0,0,0,10.098,12.936,20260918T144434Z_ef9db6c9_ryw_partition_causal
3,ryw,partition,causal,normal,199,199,0,0,0,1.0,0.0,0,0,9.855,11.613,20260918T144434Z_ef9db6c9_ryw_partition_causal
3,ryw,partition,causal,transition,1,1,0,0,0,1.0,0.0,0,0,14.559,14.559,20260918T144434Z_ef9db6c9_ryw_partition_causal
3,ryw,partition,causal,fault,399,398,0,1,0,0.9974937343358395,0.0,0,0,10.181,14.104,20260918T144434Z_ef9db6c9_ryw_partition_causal
3,ryw,partition,causal,recovery,401,401,0,0,0,1.0,0.0,0,0,10.094,12.674,20260918T144434Z_ef9db6c9_ryw_partition_causal
3,ryw,failure,weak,overall,1000,1000,197,0,0,1.0,0.197,0,0,6.316,7.364,20260918T144523Z_55a41a5f_ryw_failure_weak
3,ryw,failure,weak,normal,199,199,196,0,0,1.0,0.9849246231155779,0,0,6.343,7.512,20260918T144523Z_55a41a5f_ryw_failure_weak
3,ryw,failure,weak,transition,1,1,0,0,0,1.0,0.0,0,0,9.959,9.959,20260918T144523Z_55a41a5f_ryw_failure_weak
3,ryw,failure,weak,fault,399,399,0,0,0,1.0,0.0,0,0,6.349,7.316,20260918T144523Z_55a41a5f_ryw_failure_weak
3,ryw,failure,weak,recovery,401,401,1,0,0,1.0,0.0024937655860349127,0,0,6.289,7.324,20260918T144523Z_55a41a5f_ryw_failure_weak
3,mw,failure,causal,overall,1000,1000,0,0,0,1.0,0.0,0,0,16.931,24.992,20260918T144541Z_10ad4901_mw_failure_causal
3,mw,failure,causal,normal,199,199,0,0,0,1.0,0.0,0,0,16.754,19.182,20260918T144541Z_10ad4901_mw_failure_causal
3,mw,failure,causal,transition,1,1,0,0,0,1.0,0.0,0,0,550.921,550.921,20260918T144541Z_10ad4901_mw_failure_causal
3,mw,failure,causal,fault,399,399,0,0,0,1.0,0.0,0,0,17.205,20.727,20260918T144541Z_10ad4901_mw_failure_causal
3,mw,failure,causal,recovery,401,401,0,0,0,1.0,0.0,0,0,16.785,36.273,20260918T144541Z_10ad4901_mw_failure_causal
3,ryw,normal,majority,overall,1000,1000,2,0,0,1.0,0.002,0,0,9.641,11.044,20260918T144611Z_b54773ea_ryw_normal_majority
3,ryw,normal,majority,normal,1000,1000,2,0,0,1.0,0.002,0,0,9.641,11.044,20260918T144611Z_b54773ea_ryw_normal_majority
3,mr,partition,majority,overall,1000,999,0,1,0,0.999,0.0,1998,0,13.043,15.891,20260918T144623Z_084b1425_mr_partition_majority
3,mr,partition,majority,normal,199,199,0,0,0,1.0,0.0,398,0,12.955,14.593,20260918T144623Z_084b1425_mr_partition_majority
3,mr,partition,majority,transition,1,1,0,0,0,1.0,0.0,2,0,16.601,16.601,20260918T144623Z_084b1425_mr_partition_majority
3,mr,partition,majority,fault,399,398,0,1,0,0.9974937343358395,0.0,796,0,13.071,16.317,20260918T144623Z_084b1425_mr_partition_majority
3,mr,partition,majority,recovery,401,401,0,0,0,1.0,0.0,802,0,13.111,15.655,20260918T144623Z_084b1425_mr_partition_majority
3,wfr,normal,weak,overall,1000,1000,0,0,0,1.0,0.0,0,0,28.232,32.158,20260918T144715Z_7d0c7ce4_wfr_normal_weak
3,wfr,normal,weak,normal,1000,1000,0,0,0,1.0,0.0,0,0,28.232,32.158,20260918T144715Z_7d0c7ce4_wfr_normal_weak
3,ryw,partition,majority,overall,1000,999,3,1,0,0.999,0.003003003003003003,0,0,9.919,11.952,20260918T144745Z_809a9e53_ryw_partition_majority
3,ryw,partition,majority,normal,199,199,3,0,0,1.0,0.01507537688442211,0,0,9.851,11.984,20260918T144745Z_809a9e53_ryw_partition_majority
3,ryw,partition,majority,transition,1,1,0,0,0,1.0,0.0,0,0,16.241,16.241,20260918T144745Z_809a9e53_ryw_partition_majority
3,ryw,partition,majority,fault,399,398,0,1,0,0.9974937343358395,0.0,0,0,10.12,12.887,20260918T144745Z_809a9e53_ryw_partition_majority
3,ryw,partition,majority,recovery,401,401,0,0,0,1.0,0.0,0,0,9.822,10.913,20260918T144745Z_809a9e53_ryw_partition_majority
3,mw,normal,majority,overall,1000,1000,0,0,0,1.0,0.0,0,0,16.218,17.745,20260918T144811Z_a8710217_mw_normal_majority
3,mw,normal,majority,normal,1000,1000,0,0,0,1.0,0.0,0,0,16.218,17.745,20260918T144811Z_a8710217_mw_normal_majority
3,mw,partition,causal,overall,1000,999,0,1,0,0.999,0.0,0,0,16.987,21.33,20260918T144830Z_29b78f14_mw_partition_causal
3,mw,partition,causal,normal,199,199,0,0,0,1.0,0.0,0,0,16.975,19.301,20260918T144830Z_29b78f14_mw_partition_causal
3,mw,partition,causal,transition,1,0,0,1,0,0.0,,0,0,,,20260918T144830Z_29b78f14_mw_partition_causal
3,mw,partition,causal,fault,399,399,0,0,0,1.0,0.0,0,0,17.376,22.173,20260918T144830Z_29b78f14_mw_partition_causal
3,mw,partition,causal,recovery,401,401,0,0,0,1.0,0.0,0,0,16.626,20.41,20260918T144830Z_29b78f14_mw_partition_causal
3,mr,partition,weak,overall,1000,999,0,1,0,0.999,0.0,1998,0,9.441,10.941,20260918T144926Z_541e6983_mr_partition_weak
3,mr,partition,weak,normal,199,199,0,0,0,1.0,0.0,398,0,9.536,11.146,20260918T144926Z_541e6983_mr_partition_weak
3,mr,partition,weak,transition,1,1,0,0,0,1.0,0.0,2,0,13.909,13.909,20260918T144926Z_541e6983_mr_partition_weak
3,mr,partition,weak,fault,399,398,0,1,0,0.9974937343358395,0.0,796,0,9.393,11.052,20260918T144926Z_541e6983_mr_partition_weak
3,mr,partition,weak,recovery,401,401,0,0,0,1.0,0.0,802,0,9.443,10.697,20260918T144926Z_541e6983_mr_partition_weak
3,ryw,failure,causal,overall,1000,1000,0,0,0,1.0,0.0,0,0,9.901,12.283,20260918T144951Z_7ebc0577_ryw_failure_causal
3,ryw,failure,causal,normal,199,199,0,0,0,1.0,0.0,0,0,9.804,12.22,20260918T144951Z_7ebc0577_ryw_failure_causal
3,ryw,failure,causal,transition,1,1,0,0,0,1.0,0.0,0,0,13.581,13.581,20260918T144951Z_7ebc0577_ryw_failure_causal
3,ryw,failure,causal,fault,399,399,0,0,0,1.0,0.0,0,0,10.044,12.597,20260918T144951Z_7ebc0577_ryw_failure_causal
3,ryw,failure,causal,recovery,401,401,0,0,0,1.0,0.0,0,0,9.824,11.965,20260918T144951Z_7ebc0577_ryw_failure_causal
3,mw,failure,weak,overall,1000,1000,0,0,0,1.0,0.0,0,0,27.505,112.672,20260918T145012Z_89f443ce_mw_failure_weak
3,mw,failure,weak,normal,199,199,0,0,0,1.0,0.0,0,0,27.051,29.326,20260918T145012Z_89f443ce_mw_failure_weak
3,mw,failure,weak,transition,1,1,0,0,0,1.0,0.0,0,0,137.537,137.537,20260918T145012Z_89f443ce_mw_failure_weak
3,mw,failure,weak,fault,399,399,0,0,0,1.0,0.0,0,0,99.305,113.695,20260918T145012Z_89f443ce_mw_failure_weak
3,mw,failure,weak,recovery,401,401,0,0,0,1.0,0.0,0,0,25.252,27.895,20260918T145012Z_89f443ce_mw_failure_weak
3,mr,normal,weak,overall,1000,1000,0,0,0,1.0,0.0,2000,0,9.363,10.632,20260918T145120Z_87429a76_mr_normal_weak
3,mr,normal,weak,normal,1000,1000,0,0,0,1.0,0.0,2000,0,9.363,10.632,20260918T145120Z_87429a76_mr_normal_weak
3,wfr,partition,causal,overall,1000,999,0,1,0,0.999,0.0,0,0,19.923,23.015,20260918T145132Z_5c93a978_wfr_partition_causal
3,wfr,partition,causal,normal,199,199,0,0,0,1.0,0.0,0,0,19.701,22.01,20260918T145132Z_5c93a978_wfr_partition_causal
3,wfr,partition,causal,transition,1,0,0,1,0,0.0,,0,0,,,20260918T145132Z_5c93a978_wfr_partition_causal
3,wfr,partition,causal,fault,399,399,0,0,0,1.0,0.0,0,0,20.491,24.045,20260918T145132Z_5c93a978_wfr_partition_causal
3,wfr,partition,causal,recovery,401,401,0,0,0,1.0,0.0,0,0,19.635,21.582,20260918T145132Z_5c93a978_wfr_partition_causal
3,mr,partition,causal,overall,1000,997,0,3,0,0.997,0.0,1996,0,13.169,16.0,20260918T145231Z_17b31e4c_mr_partition_causal
3,mr,partition,causal,normal,199,199,0,0,0,1.0,0.0,398,0,12.994,14.728,20260918T145231Z_17b31e4c_mr_partition_causal
3,mr,partition,causal,transition,1,1,0,0,0,1.0,0.0,2,0,17.951,17.951,20260918T145231Z_17b31e4c_mr_partition_causal
3,mr,partition,causal,fault,399,398,0,1,0,0.9974937343358395,0.0,796,0,13.432,17.077,20260918T145231Z_17b31e4c_mr_partition_causal
3,mr,partition,causal,recovery,401,399,0,2,0,0.9950124688279302,0.0,800,0,13.049,15.294,20260918T145231Z_17b31e4c_mr_partition_causal
3,ryw,failure,majority,overall,1000,1000,1,0,0,1.0,0.001,0,0,9.909,12.215,20260918T145329Z_d76376d7_ryw_failure_majority
3,ryw,failure,majority,normal,199,199,1,0,0,1.0,0.005025125628140704,0,0,9.597,11.103,20260918T145329Z_d76376d7_ryw_failure_majority
3,ryw,failure,majority,transition,1,1,0,0,0,1.0,0.0,0,0,12.541,12.541,20260918T145329Z_d76376d7_ryw_failure_majority
3,ryw,failure,majority,fault,399,399,0,0,0,1.0,0.0,0,0,10.277,12.875,20260918T145329Z_d76376d7_ryw_failure_majority
3,ryw,failure,majority,recovery,401,401,0,0,0,1.0,0.0,0,0,9.796,11.698,20260918T145329Z_d76376d7_ryw_failure_majority
3,wfr,normal,majority,overall,1000,1000,0,0,0,1.0,0.0,0,0,19.5,21.539,20260918T145350Z_d639b21a_wfr_normal_majority
3,wfr,normal,majority,normal,1000,1000,0,0,0,1.0,0.0,0,0,19.5,21.539,20260918T145350Z_d639b21a_wfr_normal_majority
3,wfr,failure,weak,overall,1000,1000,0,0,0,1.0,0.0,0,0,29.979,112.804,20260918T145412Z_322bb369_wfr_failure_weak
3,wfr,failure,weak,normal,199,199,0,0,0,1.0,0.0,0,0,29.196,32.162,20260918T145412Z_322bb369_wfr_failure_weak
3,wfr,failure,weak,transition,1,1,0,0,0,1.0,0.0,0,0,563.718,563.718,20260918T145412Z_322bb369_wfr_failure_weak
3,wfr,failure,weak,fault,399,399,0,0,0,1.0,0.0,0,0,101.438,115.292,20260918T145412Z_322bb369_wfr_failure_weak
3,wfr,failure,weak,recovery,401,401,0,0,0,1.0,0.0,0,0,28.432,31.343,20260918T145412Z_322bb369_wfr_failure_weak
3,ryw,normal,causal,overall,1000,1000,0,0,0,1.0,0.0,0,0,9.598,10.891,20260918T145523Z_6e3303b0_ryw_normal_causal
3,ryw,normal,causal,normal,1000,1000,0,0,0,1.0,0.0,0,0,9.598,10.891,20260918T145523Z_6e3303b0_ryw_normal_causal
3,ryw,normal,weak,overall,1000,1000,3,0,0,1.0,0.003,0,0,6.144,7.091,20260918T145535Z_7097efaa_ryw_normal_weak
3,ryw,normal,weak,normal,1000,1000,3,0,0,1.0,0.003,0,0,6.144,7.091,20260918T145535Z_7097efaa_ryw_normal_weak
3,mr,failure,majority,overall,1000,1000,0,0,0,1.0,0.0,2000,0,13.168,15.577,20260918T145543Z_1da2a0b0_mr_failure_majority
3,mr,failure,majority,normal,199,199,0,0,0,1.0,0.0,398,0,13.235,14.972,20260918T145543Z_1da2a0b0_mr_failure_majority
3,mr,failure,majority,transition,1,1,0,0,0,1.0,0.0,2,0,15.772,15.772,20260918T145543Z_1da2a0b0_mr_failure_majority
3,mr,failure,majority,fault,399,399,0,0,0,1.0,0.0,798,0,13.222,16.034,20260918T145543Z_1da2a0b0_mr_failure_majority
3,mr,failure,majority,recovery,401,401,0,0,0,1.0,0.0,802,0,13.002,15.486,20260918T145543Z_1da2a0b0_mr_failure_majority
