timestamp,client_id,operation,requested_version,observed_version,read_concern,write_concern,scenario,latency_ms,success,violation
1788779289.3694282,client_A,WRITE_THEN_READ,1,-1,local,1,normal,16.97,True,True
1788779289.3788877,client_A,WRITE_THEN_READ,2,-1,local,1,normal,9.46,True,True
1788779289.3863754,client_A,WRITE_THEN_READ,3,-1,local,1,normal,7.49,True,True
1788779289.3948748,client_A,WRITE_THEN_READ,4,-1,local,1,normal,8.5,True,True
1788779289.4058259,client_A,WRITE_THEN_READ,5,5,local,1,normal,10.95,True,False
1788779289.4135437,client_A,WRITE_THEN_READ,6,6,local,1,normal,7.72,True,False
1788779289.4221108,client_A,WRITE_THEN_READ,7,7,local,1,normal,8.57,True,False
1788779289.4299586,client_A,WRITE_THEN_READ,8,8,local,1,normal,7.85,True,False
1788779289.4363673,client_A,WRITE_THEN_READ,9,9,local,1,normal,6.41,True,False
1788779289.4435236,client_A,WRITE_THEN_READ,10,10,local,1,normal,7.16,True,False
1788779289.45136,client_A,WRITE_THEN_READ,11,11,local,1,normal,7.84,True,False
1788779289.4576855,client_A,WRITE_THEN_READ,12,12,local,1,normal,6.33,True,False
1788779289.4643495,client_A,WRITE_THEN_READ,13,13,local,1,normal,6.08,True,False
1788779289.4722145,client_A,WRITE_THEN_READ,14,14,local,1,normal,7.86,True,False
1788779289.4798045,client_A,WRITE_THEN_READ,15,15,local,1,normal,7.59,True,False
1788779289.48626,client_A,WRITE_THEN_READ,16,16,local,1,normal,6.46,True,False
1788779289.4926054,client_A,WRITE_THEN_READ,17,17,local,1,normal,6.35,True,False
1788779289.4986699,client_A,WRITE_THEN_READ,18,18,local,1,normal,6.06,True,False
1788779289.5051937,client_A,WRITE_THEN_READ,19,19,local,1,normal,6.52,True,False
1788779289.511781,client_A,WRITE_THEN_READ,20,20,local,1,normal,6.59,True,False
1788779289.5181627,client_A,WRITE_THEN_READ,21,21,local,1,normal,6.38,True,False
1788779289.5249836,client_A,WRITE_THEN_READ,22,22,local,1,normal,6.82,True,False
1788779289.5313702,client_A,WRITE_THEN_READ,23,23,local,1,normal,6.39,True,False
1788779289.5377715,client_A,WRITE_THEN_READ,24,24,local,1,normal,6.4,True,False
1788779289.544657,client_A,WRITE_THEN_READ,25,25,local,1,normal,6.89,True,False
1788779289.5511463,client_A,WRITE_THEN_READ,26,26,local,1,normal,6.49,True,False
1788779289.5580664,client_A,WRITE_THEN_READ,27,27,local,1,normal,6.92,True,False
1788779289.5645652,client_A,WRITE_THEN_READ,28,28,local,1,normal,6.5,True,False
1788779289.5711432,client_A,WRITE_THEN_READ,29,29,local,1,normal,6.58,True,False
1788779289.5776105,client_A,WRITE_THEN_READ,30,30,local,1,normal,6.47,True,False
1788779289.583874,client_A,WRITE_THEN_READ,31,31,local,1,normal,6.26,True,False
1788779289.5911953,client_A,WRITE_THEN_READ,32,32,local,1,normal,7.32,True,False
1788779289.597839,client_A,WRITE_THEN_READ,33,33,local,1,normal,6.64,True,False
1788779289.6043093,client_A,WRITE_THEN_READ,34,34,local,1,normal,6.47,True,False
1788779289.6116707,client_A,WRITE_THEN_READ,35,35,local,1,normal,7.36,True,False
1788779289.618084,client_A,WRITE_THEN_READ,36,36,local,1,normal,6.41,True,False
1788779289.6239843,client_A,WRITE_THEN_READ,37,37,local,1,normal,5.9,True,False
1788779289.629255,client_A,WRITE_THEN_READ,38,38,local,1,normal,5.27,True,False
1788779289.635766,client_A,WRITE_THEN_READ,39,39,local,1,normal,6.51,True,False
1788779289.6415854,client_A,WRITE_THEN_READ,40,40,local,1,normal,5.23,True,False
1788779289.6465476,client_A,WRITE_THEN_READ,41,41,local,1,normal,4.96,True,False
1788779289.6521897,client_A,WRITE_THEN_READ,42,42,local,1,normal,5.64,True,False
1788779289.6582477,client_A,WRITE_THEN_READ,43,43,local,1,normal,6.06,True,False
1788779289.6641107,client_A,WRITE_THEN_READ,44,44,local,1,normal,5.86,True,False
1788779289.6695054,client_A,WRITE_THEN_READ,45,45,local,1,normal,5.39,True,False
1788779289.6751747,client_A,WRITE_THEN_READ,46,46,local,1,normal,5.67,True,False
1788779289.6805966,client_A,WRITE_THEN_READ,47,47,local,1,normal,5.42,True,False
1788779289.6860445,client_A,WRITE_THEN_READ,48,48,local,1,normal,5.45,True,False
1788779289.6913552,client_A,WRITE_THEN_READ,49,49,local,1,normal,5.31,True,False
1788779289.6969771,client_A,WRITE_THEN_READ,50,50,local,1,normal,5.62,True,False
1788779289.7034717,client_A,WRITE_THEN_READ,51,51,local,1,normal,6.49,True,False
1788779289.7096727,client_A,WRITE_THEN_READ,52,52,local,1,normal,6.2,True,False
1788779289.7155416,client_A,WRITE_THEN_READ,53,53,local,1,normal,5.87,True,False
1788779289.7218719,client_A,WRITE_THEN_READ,54,54,local,1,normal,6.33,True,False
1788779289.7274706,client_A,WRITE_THEN_READ,55,55,local,1,normal,5.6,True,False
1788779289.7324202,client_A,WRITE_THEN_READ,56,55,local,1,normal,4.95,True,True
1788779289.7376287,client_A,WRITE_THEN_READ,57,57,local,1,normal,5.21,True,False
1788779289.7430906,client_A,WRITE_THEN_READ,58,58,local,1,normal,5.46,True,False
1788779289.7486658,client_A,WRITE_THEN_READ,59,59,local,1,normal,5.58,True,False
1788779289.7541564,client_A,WRITE_THEN_READ,60,60,local,1,normal,5.49,True,False
1788779289.7595484,client_A,WRITE_THEN_READ,61,61,local,1,normal,5.39,True,False
1788779289.7648497,client_A,WRITE_THEN_READ,62,62,local,1,normal,5.3,True,False
1788779289.7708013,client_A,WRITE_THEN_READ,63,63,local,1,normal,5.95,True,False
1788779289.7768328,client_A,WRITE_THEN_READ,64,64,local,1,normal,6.03,True,False
1788779289.7816694,client_A,WRITE_THEN_READ,65,65,local,1,normal,4.84,True,False
1788779289.787706,client_A,WRITE_THEN_READ,66,66,local,1,normal,6.04,True,False
1788779289.7938266,client_A,WRITE_THEN_READ,67,67,local,1,normal,6.12,True,False
1788779289.7994344,client_A,WRITE_THEN_READ,68,68,local,1,normal,5.61,True,False
1788779289.8045304,client_A,WRITE_THEN_READ,69,69,local,1,normal,5.1,True,False
1788779289.8100436,client_A,WRITE_THEN_READ,70,70,local,1,normal,5.51,True,False
1788779289.8158062,client_A,WRITE_THEN_READ,71,71,local,1,normal,5.76,True,False
1788779289.822244,client_A,WRITE_THEN_READ,72,72,local,1,normal,6.44,True,False
1788779289.8285763,client_A,WRITE_THEN_READ,73,73,local,1,normal,6.33,True,False
1788779289.834081,client_A,WRITE_THEN_READ,74,74,local,1,normal,5.5,True,False
1788779289.8400545,client_A,WRITE_THEN_READ,75,75,local,1,normal,5.97,True,False
1788779289.8465545,client_A,WRITE_THEN_READ,76,76,local,1,normal,6.5,True,False
1788779289.852697,client_A,WRITE_THEN_READ,77,77,local,1,normal,6.14,True,False
1788779289.8585594,client_A,WRITE_THEN_READ,78,77,local,1,normal,5.86,True,True
1788779289.8651676,client_A,WRITE_THEN_READ,79,79,local,1,normal,6.61,True,False
1788779289.8711994,client_A,WRITE_THEN_READ,80,80,local,1,normal,6.03,True,False
1788779289.877241,client_A,WRITE_THEN_READ,81,81,local,1,normal,6.04,True,False
1788779289.8823183,client_A,WRITE_THEN_READ,82,82,local,1,normal,5.08,True,False
1788779289.8882384,client_A,WRITE_THEN_READ,83,83,local,1,normal,5.27,True,False
1788779289.8941262,client_A,WRITE_THEN_READ,84,84,local,1,normal,5.89,True,False
1788779289.9005747,client_A,WRITE_THEN_READ,85,85,local,1,normal,6.45,True,False
1788779289.905988,client_A,WRITE_THEN_READ,86,86,local,1,normal,5.41,True,False
1788779289.9120767,client_A,WRITE_THEN_READ,87,87,local,1,normal,6.09,True,False
1788779289.9171507,client_A,WRITE_THEN_READ,88,88,local,1,normal,5.07,True,False
1788779289.9228766,client_A,WRITE_THEN_READ,89,89,local,1,normal,5.73,True,False
1788779289.9276323,client_A,WRITE_THEN_READ,90,90,local,1,normal,4.76,True,False
1788779289.933088,client_A,WRITE_THEN_READ,91,91,local,1,normal,5.46,True,False
1788779289.9378564,client_A,WRITE_THEN_READ,92,92,local,1,normal,4.77,True,False
1788779289.9440067,client_A,WRITE_THEN_READ,93,93,local,1,normal,6.15,True,False
1788779289.950568,client_A,WRITE_THEN_READ,94,94,local,1,normal,6.56,True,False
1788779289.9559202,client_A,WRITE_THEN_READ,95,95,local,1,normal,5.35,True,False
1788779289.9616919,client_A,WRITE_THEN_READ,96,96,local,1,normal,5.77,True,False
1788779289.967519,client_A,WRITE_THEN_READ,97,97,local,1,normal,5.83,True,False
1788779289.9733217,client_A,WRITE_THEN_READ,98,98,local,1,normal,5.8,True,False
1788779289.9791384,client_A,WRITE_THEN_READ,99,99,local,1,normal,5.82,True,False
1788779289.9838676,client_A,WRITE_THEN_READ,100,100,local,1,normal,4.73,True,False
1788779289.9908323,client_A,WRITE_THEN_READ,101,101,local,1,normal,6.35,True,False
1788779289.9971304,client_A,WRITE_THEN_READ,102,102,local,1,normal,6.3,True,False
1788779290.00371,client_A,WRITE_THEN_READ,103,103,local,1,normal,6.58,True,False
1788779290.0103562,client_A,WRITE_THEN_READ,104,104,local,1,normal,6.65,True,False
1788779290.0153706,client_A,WRITE_THEN_READ,105,105,local,1,normal,5.01,True,False
1788779290.0208845,client_A,WRITE_THEN_READ,106,106,local,1,normal,5.51,True,False
1788779290.0271537,client_A,WRITE_THEN_READ,107,107,local,1,normal,6.27,True,False
1788779290.032866,client_A,WRITE_THEN_READ,108,108,local,1,normal,5.71,True,False
1788779290.0392158,client_A,WRITE_THEN_READ,109,109,local,1,normal,6.35,True,False
1788779290.0454814,client_A,WRITE_THEN_READ,110,110,local,1,normal,6.27,True,False
1788779290.051437,client_A,WRITE_THEN_READ,111,111,local,1,normal,5.96,True,False
1788779290.0562046,client_A,WRITE_THEN_READ,112,112,local,1,normal,4.77,True,False
1788779290.0622056,client_A,WRITE_THEN_READ,113,113,local,1,normal,6.0,True,False
1788779290.0682693,client_A,WRITE_THEN_READ,114,114,local,1,normal,6.06,True,False
1788779290.0746202,client_A,WRITE_THEN_READ,115,115,local,1,normal,6.35,True,False
1788779290.0808141,client_A,WRITE_THEN_READ,116,116,local,1,normal,6.19,True,False
1788779290.085963,client_A,WRITE_THEN_READ,117,117,local,1,normal,5.15,True,False
1788779290.0915048,client_A,WRITE_THEN_READ,118,118,local,1,normal,5.54,True,False
1788779290.097367,client_A,WRITE_THEN_READ,119,119,local,1,normal,5.86,True,False
1788779290.1036198,client_A,WRITE_THEN_READ,120,120,local,1,normal,6.25,True,False
1788779290.1093292,client_A,WRITE_THEN_READ,121,121,local,1,normal,5.71,True,False
1788779290.1141338,client_A,WRITE_THEN_READ,122,122,local,1,normal,4.8,True,False
1788779290.1199462,client_A,WRITE_THEN_READ,123,123,local,1,normal,5.81,True,False
1788779290.1264513,client_A,WRITE_THEN_READ,124,124,local,1,normal,6.51,True,False
1788779290.1320722,client_A,WRITE_THEN_READ,125,125,local,1,normal,5.62,True,False
1788779290.1377242,client_A,WRITE_THEN_READ,126,126,local,1,normal,5.65,True,False
1788779290.1433449,client_A,WRITE_THEN_READ,127,127,local,1,normal,5.62,True,False
1788779290.1484973,client_A,WRITE_THEN_READ,128,128,local,1,normal,5.15,True,False
1788779290.1545956,client_A,WRITE_THEN_READ,129,129,local,1,normal,6.1,True,False
1788779290.1606803,client_A,WRITE_THEN_READ,130,130,local,1,normal,6.08,True,False
1788779290.1665182,client_A,WRITE_THEN_READ,131,131,local,1,normal,5.84,True,False
1788779290.1718497,client_A,WRITE_THEN_READ,132,132,local,1,normal,5.33,True,False
1788779290.1779451,client_A,WRITE_THEN_READ,133,133,local,1,normal,6.1,True,False
1788779290.1834483,client_A,WRITE_THEN_READ,134,134,local,1,normal,5.5,True,False
1788779290.1891525,client_A,WRITE_THEN_READ,135,135,local,1,normal,5.7,True,False
1788779290.1946638,client_A,WRITE_THEN_READ,136,136,local,1,normal,5.51,True,False
1788779290.1998305,client_A,WRITE_THEN_READ,137,137,local,1,normal,5.17,True,False
1788779290.2054284,client_A,WRITE_THEN_READ,138,138,local,1,normal,5.6,True,False
1788779290.2112427,client_A,WRITE_THEN_READ,139,139,local,1,normal,5.81,True,False
1788779290.2168605,client_A,WRITE_THEN_READ,140,140,local,1,normal,5.62,True,False
1788779290.2232904,client_A,WRITE_THEN_READ,141,141,local,1,normal,6.43,True,False
1788779290.2298703,client_A,WRITE_THEN_READ,142,142,local,1,normal,6.58,True,False
1788779290.2352178,client_A,WRITE_THEN_READ,143,143,local,1,normal,5.35,True,False
1788779290.2409363,client_A,WRITE_THEN_READ,144,144,local,1,normal,5.72,True,False
1788779290.246021,client_A,WRITE_THEN_READ,145,145,local,1,normal,5.08,True,False
1788779290.251595,client_A,WRITE_THEN_READ,146,146,local,1,normal,5.57,True,False
1788779290.2569056,client_A,WRITE_THEN_READ,147,147,local,1,normal,5.31,True,False
1788779290.262382,client_A,WRITE_THEN_READ,148,148,local,1,normal,5.48,True,False
1788779290.2677095,client_A,WRITE_THEN_READ,149,149,local,1,normal,5.33,True,False
1788779290.2727067,client_A,WRITE_THEN_READ,150,150,local,1,normal,5.0,True,False
1788779290.2792442,client_A,WRITE_THEN_READ,151,151,local,1,normal,6.54,True,False
1788779290.2847013,client_A,WRITE_THEN_READ,152,152,local,1,normal,5.46,True,False
1788779290.2903333,client_A,WRITE_THEN_READ,153,153,local,1,normal,5.63,True,False
1788779290.29702,client_A,WRITE_THEN_READ,154,154,local,1,normal,6.69,True,False
1788779290.3024886,client_A,WRITE_THEN_READ,155,155,local,1,normal,5.47,True,False
1788779290.307797,client_A,WRITE_THEN_READ,156,156,local,1,normal,5.31,True,False
1788779290.3135567,client_A,WRITE_THEN_READ,157,157,local,1,normal,5.76,True,False
1788779290.3202245,client_A,WRITE_THEN_READ,158,158,local,1,normal,6.67,True,False
1788779290.3265831,client_A,WRITE_THEN_READ,159,159,local,1,normal,6.36,True,False
1788779290.3336494,client_A,WRITE_THEN_READ,160,160,local,1,normal,7.07,True,False
1788779290.3402767,client_A,WRITE_THEN_READ,161,161,local,1,normal,6.63,True,False
1788779290.3475149,client_A,WRITE_THEN_READ,162,162,local,1,normal,7.24,True,False
1788779290.3541937,client_A,WRITE_THEN_READ,163,163,local,1,normal,6.68,True,False
1788779290.3613,client_A,WRITE_THEN_READ,164,164,local,1,normal,7.11,True,False
1788779290.3676896,client_A,WRITE_THEN_READ,165,165,local,1,normal,6.39,True,False
1788779290.3742783,client_A,WRITE_THEN_READ,166,166,local,1,normal,6.59,True,False
1788779290.3812938,client_A,WRITE_THEN_READ,167,167,local,1,normal,7.02,True,False
1788779290.3883607,client_A,WRITE_THEN_READ,168,168,local,1,normal,7.07,True,False
1788779290.3947053,client_A,WRITE_THEN_READ,169,169,local,1,normal,6.34,True,False
1788779290.4005857,client_A,WRITE_THEN_READ,170,170,local,1,normal,5.88,True,False
1788779290.408598,client_A,WRITE_THEN_READ,171,171,local,1,normal,7.46,True,False
1788779290.415807,client_A,WRITE_THEN_READ,172,172,local,1,normal,7.21,True,False
1788779290.4228122,client_A,WRITE_THEN_READ,173,173,local,1,normal,7.01,True,False
1788779290.4294388,client_A,WRITE_THEN_READ,174,174,local,1,normal,6.63,True,False
1788779290.435482,client_A,WRITE_THEN_READ,175,175,local,1,normal,6.04,True,False
1788779290.441808,client_A,WRITE_THEN_READ,176,176,local,1,normal,6.33,True,False
1788779290.4473436,client_A,WRITE_THEN_READ,177,177,local,1,normal,5.54,True,False
1788779290.4531484,client_A,WRITE_THEN_READ,178,178,local,1,normal,5.8,True,False
1788779290.4595275,client_A,WRITE_THEN_READ,179,179,local,1,normal,6.38,True,False
1788779290.465714,client_A,WRITE_THEN_READ,180,180,local,1,normal,6.19,True,False
1788779290.4712381,client_A,WRITE_THEN_READ,181,181,local,1,normal,5.52,True,False
1788779290.4769762,client_A,WRITE_THEN_READ,182,182,local,1,normal,5.74,True,False
1788779290.4832058,client_A,WRITE_THEN_READ,183,183,local,1,normal,6.23,True,False
1788779290.4889789,client_A,WRITE_THEN_READ,184,184,local,1,normal,5.77,True,False
1788779290.4945683,client_A,WRITE_THEN_READ,185,185,local,1,normal,5.59,True,False
1788779290.5011554,client_A,WRITE_THEN_READ,186,186,local,1,normal,6.59,True,False
1788779290.507125,client_A,WRITE_THEN_READ,187,187,local,1,normal,5.97,True,False
1788779290.5130007,client_A,WRITE_THEN_READ,188,188,local,1,normal,5.88,True,False
1788779290.5188358,client_A,WRITE_THEN_READ,189,189,local,1,normal,5.84,True,False
1788779290.5245385,client_A,WRITE_THEN_READ,190,190,local,1,normal,5.7,True,False
1788779290.5306287,client_A,WRITE_THEN_READ,191,191,local,1,normal,6.09,True,False
1788779290.53606,client_A,WRITE_THEN_READ,192,192,local,1,normal,5.43,True,False
1788779290.5419269,client_A,WRITE_THEN_READ,193,193,local,1,normal,5.87,True,False
1788779290.5486522,client_A,WRITE_THEN_READ,194,194,local,1,normal,6.1,True,False
1788779290.554906,client_A,WRITE_THEN_READ,195,194,local,1,normal,6.25,True,True
1788779290.5608857,client_A,WRITE_THEN_READ,196,196,local,1,normal,5.98,True,False
1788779290.566845,client_A,WRITE_THEN_READ,197,197,local,1,normal,5.96,True,False
1788779290.5739677,client_A,WRITE_THEN_READ,198,198,local,1,normal,7.12,True,False
1788779290.580945,client_A,WRITE_THEN_READ,199,199,local,1,normal,6.98,True,False
1788779290.589017,client_A,WRITE_THEN_READ,200,200,local,1,normal,8.07,True,False
1788779290.5952992,client_A,WRITE_THEN_READ,201,201,local,1,normal,6.28,True,False
1788779290.6017947,client_A,WRITE_THEN_READ,202,202,local,1,normal,6.5,True,False
1788779290.6077914,client_A,WRITE_THEN_READ,203,203,local,1,normal,6.0,True,False
1788779290.6148338,client_A,WRITE_THEN_READ,204,204,local,1,normal,7.04,True,False
1788779290.6204944,client_A,WRITE_THEN_READ,205,205,local,1,normal,5.66,True,False
1788779290.626323,client_A,WRITE_THEN_READ,206,206,local,1,normal,5.83,True,False
1788779290.6324852,client_A,WRITE_THEN_READ,207,207,local,1,normal,6.16,True,False
1788779290.6379638,client_A,WRITE_THEN_READ,208,208,local,1,normal,5.48,True,False
1788779290.6436439,client_A,WRITE_THEN_READ,209,209,local,1,normal,5.68,True,False
1788779290.6499863,client_A,WRITE_THEN_READ,210,210,local,1,normal,6.34,True,False
1788779290.6562169,client_A,WRITE_THEN_READ,211,211,local,1,normal,6.23,True,False
1788779290.6616373,client_A,WRITE_THEN_READ,212,212,local,1,normal,5.42,True,False
1788779290.6671526,client_A,WRITE_THEN_READ,213,213,local,1,normal,5.52,True,False
1788779290.6728227,client_A,WRITE_THEN_READ,214,214,local,1,normal,5.67,True,False
1788779290.6781824,client_A,WRITE_THEN_READ,215,215,local,1,normal,5.36,True,False
1788779290.6842186,client_A,WRITE_THEN_READ,216,216,local,1,normal,6.04,True,False
1788779290.6896372,client_A,WRITE_THEN_READ,217,217,local,1,normal,5.42,True,False
1788779290.6958935,client_A,WRITE_THEN_READ,218,218,local,1,normal,6.26,True,False
1788779290.7014906,client_A,WRITE_THEN_READ,219,219,local,1,normal,5.6,True,False
1788779290.7070909,client_A,WRITE_THEN_READ,220,220,local,1,normal,5.6,True,False
1788779290.713049,client_A,WRITE_THEN_READ,221,221,local,1,normal,5.96,True,False
1788779290.7194698,client_A,WRITE_THEN_READ,222,222,local,1,normal,6.42,True,False
1788779290.7267497,client_A,WRITE_THEN_READ,223,223,local,1,normal,7.28,True,False
1788779290.7346687,client_A,WRITE_THEN_READ,224,224,local,1,normal,7.92,True,False
1788779290.7411149,client_A,WRITE_THEN_READ,225,225,local,1,normal,6.45,True,False
1788779290.7473664,client_A,WRITE_THEN_READ,226,226,local,1,normal,6.25,True,False
1788779290.754045,client_A,WRITE_THEN_READ,227,227,local,1,normal,6.68,True,False
1788779290.761009,client_A,WRITE_THEN_READ,228,228,local,1,normal,6.96,True,False
1788779290.7679956,client_A,WRITE_THEN_READ,229,229,local,1,normal,6.99,True,False
1788779290.7747345,client_A,WRITE_THEN_READ,230,230,local,1,normal,6.74,True,False
1788779290.7815547,client_A,WRITE_THEN_READ,231,231,local,1,normal,6.82,True,False
1788779290.7877173,client_A,WRITE_THEN_READ,232,232,local,1,normal,6.16,True,False
1788779290.7937813,client_A,WRITE_THEN_READ,233,233,local,1,normal,6.06,True,False
1788779290.799818,client_A,WRITE_THEN_READ,234,234,local,1,normal,6.04,True,False
1788779290.8061454,client_A,WRITE_THEN_READ,235,235,local,1,normal,6.33,True,False
1788779290.8122802,client_A,WRITE_THEN_READ,236,236,local,1,normal,6.13,True,False
1788779290.8194215,client_A,WRITE_THEN_READ,237,237,local,1,normal,7.14,True,False
1788779290.825411,client_A,WRITE_THEN_READ,238,238,local,1,normal,5.99,True,False
1788779290.832044,client_A,WRITE_THEN_READ,239,239,local,1,normal,6.63,True,False
1788779290.8384552,client_A,WRITE_THEN_READ,240,240,local,1,normal,6.41,True,False
1788779290.8450713,client_A,WRITE_THEN_READ,241,241,local,1,normal,6.62,True,False
1788779290.8525395,client_A,WRITE_THEN_READ,242,242,local,1,normal,7.47,True,False
1788779290.8594735,client_A,WRITE_THEN_READ,243,243,local,1,normal,6.93,True,False
1788779290.8675852,client_A,WRITE_THEN_READ,244,244,local,1,normal,8.11,True,False
1788779290.8750196,client_A,WRITE_THEN_READ,245,245,local,1,normal,7.43,True,False
1788779290.8816962,client_A,WRITE_THEN_READ,246,246,local,1,normal,6.68,True,False
1788779290.8871663,client_A,WRITE_THEN_READ,247,247,local,1,normal,5.47,True,False
1788779290.8934045,client_A,WRITE_THEN_READ,248,248,local,1,normal,6.24,True,False
1788779290.8989997,client_A,WRITE_THEN_READ,249,249,local,1,normal,5.6,True,False
1788779290.9039044,client_A,WRITE_THEN_READ,250,250,local,1,normal,4.9,True,False
1788779290.9095528,client_A,WRITE_THEN_READ,251,251,local,1,normal,5.65,True,False
1788779290.9161777,client_A,WRITE_THEN_READ,252,252,local,1,normal,6.62,True,False
1788779290.9223838,client_A,WRITE_THEN_READ,253,253,local,1,normal,6.21,True,False
1788779290.9274387,client_A,WRITE_THEN_READ,254,254,local,1,normal,5.05,True,False
1788779290.9330397,client_A,WRITE_THEN_READ,255,255,local,1,normal,5.6,True,False
1788779290.9383461,client_A,WRITE_THEN_READ,256,256,local,1,normal,5.31,True,False
1788779290.9444802,client_A,WRITE_THEN_READ,257,257,local,1,normal,6.13,True,False
1788779290.9501498,client_A,WRITE_THEN_READ,258,258,local,1,normal,5.67,True,False
1788779290.9554496,client_A,WRITE_THEN_READ,259,259,local,1,normal,5.3,True,False
1788779290.9610772,client_A,WRITE_THEN_READ,260,260,local,1,normal,5.63,True,False
1788779290.9674945,client_A,WRITE_THEN_READ,261,261,local,1,normal,6.42,True,False
1788779290.9731207,client_A,WRITE_THEN_READ,262,262,local,1,normal,5.63,True,False
1788779290.97957,client_A,WRITE_THEN_READ,263,263,local,1,normal,6.45,True,False
1788779290.9850545,client_A,WRITE_THEN_READ,264,264,local,1,normal,5.48,True,False
1788779290.9907236,client_A,WRITE_THEN_READ,265,265,local,1,normal,5.67,True,False
1788779290.996899,client_A,WRITE_THEN_READ,266,266,local,1,normal,6.18,True,False
1788779291.0018446,client_A,WRITE_THEN_READ,267,267,local,1,normal,4.95,True,False
1788779291.0072222,client_A,WRITE_THEN_READ,268,268,local,1,normal,5.38,True,False
1788779291.0122023,client_A,WRITE_THEN_READ,269,269,local,1,normal,4.98,True,False
1788779291.0183117,client_A,WRITE_THEN_READ,270,270,local,1,normal,6.11,True,False
1788779291.0244198,client_A,WRITE_THEN_READ,271,271,local,1,normal,6.11,True,False
1788779291.0302904,client_A,WRITE_THEN_READ,272,272,local,1,normal,5.87,True,False
1788779291.0350828,client_A,WRITE_THEN_READ,273,273,local,1,normal,4.79,True,False
1788779291.040629,client_A,WRITE_THEN_READ,274,274,local,1,normal,5.55,True,False
1788779291.046234,client_A,WRITE_THEN_READ,275,275,local,1,normal,5.6,True,False
1788779291.0521052,client_A,WRITE_THEN_READ,276,276,local,1,normal,5.87,True,False
1788779291.0570369,client_A,WRITE_THEN_READ,277,277,local,1,normal,4.93,True,False
1788779291.0634243,client_A,WRITE_THEN_READ,278,278,local,1,normal,6.39,True,False
1788779291.0706358,client_A,WRITE_THEN_READ,279,279,local,1,normal,7.21,True,False
1788779291.0769336,client_A,WRITE_THEN_READ,280,280,local,1,normal,6.3,True,False
1788779291.082449,client_A,WRITE_THEN_READ,281,281,local,1,normal,5.52,True,False
1788779291.0883222,client_A,WRITE_THEN_READ,282,282,local,1,normal,5.87,True,False
1788779291.0950625,client_A,WRITE_THEN_READ,283,283,local,1,normal,6.74,True,False
1788779291.1019578,client_A,WRITE_THEN_READ,284,284,local,1,normal,6.9,True,False
1788779291.107734,client_A,WRITE_THEN_READ,285,285,local,1,normal,5.78,True,False
1788779291.113335,client_A,WRITE_THEN_READ,286,286,local,1,normal,5.6,True,False
1788779291.1199088,client_A,WRITE_THEN_READ,287,287,local,1,normal,5.96,True,False
1788779291.1254265,client_A,WRITE_THEN_READ,288,288,local,1,normal,5.52,True,False
1788779291.1315358,client_A,WRITE_THEN_READ,289,289,local,1,normal,6.11,True,False
1788779291.1374075,client_A,WRITE_THEN_READ,290,290,local,1,normal,5.87,True,False
1788779291.1453722,client_A,WRITE_THEN_READ,291,291,local,1,normal,7.96,True,False
1788779291.1516304,client_A,WRITE_THEN_READ,292,292,local,1,normal,6.26,True,False
1788779291.15804,client_A,WRITE_THEN_READ,293,293,local,1,normal,6.41,True,False
1788779291.1637359,client_A,WRITE_THEN_READ,294,294,local,1,normal,5.7,True,False
1788779291.1689591,client_A,WRITE_THEN_READ,295,295,local,1,normal,5.22,True,False
1788779291.1742313,client_A,WRITE_THEN_READ,296,296,local,1,normal,5.27,True,False
1788779291.1804938,client_A,WRITE_THEN_READ,297,297,local,1,normal,6.26,True,False
1788779291.1870975,client_A,WRITE_THEN_READ,298,298,local,1,normal,6.6,True,False
1788779291.1924894,client_A,WRITE_THEN_READ,299,299,local,1,normal,5.39,True,False
1788779291.1980329,client_A,WRITE_THEN_READ,300,300,local,1,normal,5.54,True,False
1788779291.203101,client_A,WRITE_THEN_READ,301,301,local,1,normal,5.07,True,False
1788779291.2082744,client_A,WRITE_THEN_READ,302,302,local,1,normal,5.17,True,False
1788779291.213832,client_A,WRITE_THEN_READ,303,303,local,1,normal,5.56,True,False
1788779291.2193434,client_A,WRITE_THEN_READ,304,304,local,1,normal,5.51,True,False
1788779291.2256103,client_A,WRITE_THEN_READ,305,305,local,1,normal,6.27,True,False
1788779291.230863,client_A,WRITE_THEN_READ,306,306,local,1,normal,5.25,True,False
1788779291.2363806,client_A,WRITE_THEN_READ,307,307,local,1,normal,5.52,True,False
1788779291.2416885,client_A,WRITE_THEN_READ,308,308,local,1,normal,5.31,True,False
1788779291.2477305,client_A,WRITE_THEN_READ,309,309,local,1,normal,6.04,True,False
1788779291.254144,client_A,WRITE_THEN_READ,310,310,local,1,normal,6.41,True,False
1788779291.2592716,client_A,WRITE_THEN_READ,311,311,local,1,normal,5.13,True,False
1788779291.2662182,client_A,WRITE_THEN_READ,312,311,local,1,normal,6.95,True,True
1788779291.2715836,client_A,WRITE_THEN_READ,313,313,local,1,normal,5.37,True,False
1788779291.277781,client_A,WRITE_THEN_READ,314,314,local,1,normal,6.2,True,False
1788779291.2833567,client_A,WRITE_THEN_READ,315,315,local,1,normal,5.58,True,False
1788779291.2891748,client_A,WRITE_THEN_READ,316,316,local,1,normal,5.82,True,False
1788779291.2953231,client_A,WRITE_THEN_READ,317,317,local,1,normal,6.15,True,False
1788779291.300276,client_A,WRITE_THEN_READ,318,318,local,1,normal,4.95,True,False
1788779291.3060513,client_A,WRITE_THEN_READ,319,319,local,1,normal,5.78,True,False
1788779291.3119633,client_A,WRITE_THEN_READ,320,320,local,1,normal,5.91,True,False
1788779291.3180513,client_A,WRITE_THEN_READ,321,321,local,1,normal,6.09,True,False
1788779291.3239574,client_A,WRITE_THEN_READ,322,322,local,1,normal,5.91,True,False
1788779291.3295364,client_A,WRITE_THEN_READ,323,323,local,1,normal,5.58,True,False
1788779291.3354325,client_A,WRITE_THEN_READ,324,324,local,1,normal,5.9,True,False
1788779291.3412886,client_A,WRITE_THEN_READ,325,325,local,1,normal,5.86,True,False
1788779291.3468144,client_A,WRITE_THEN_READ,326,326,local,1,normal,5.53,True,False
1788779291.3529258,client_A,WRITE_THEN_READ,327,327,local,1,normal,6.11,True,False
1788779291.3584628,client_A,WRITE_THEN_READ,328,328,local,1,normal,5.54,True,False
1788779291.3643107,client_A,WRITE_THEN_READ,329,329,local,1,normal,5.85,True,False
1788779291.3701718,client_A,WRITE_THEN_READ,330,330,local,1,normal,5.86,True,False
1788779291.3768167,client_A,WRITE_THEN_READ,331,331,local,1,normal,6.64,True,False
1788779291.3828974,client_A,WRITE_THEN_READ,332,332,local,1,normal,6.08,True,False
1788779291.388925,client_A,WRITE_THEN_READ,333,333,local,1,normal,6.03,True,False
1788779291.3943667,client_A,WRITE_THEN_READ,334,334,local,1,normal,5.44,True,False
1788779291.400042,client_A,WRITE_THEN_READ,335,335,local,1,normal,5.68,True,False
1788779291.4049592,client_A,WRITE_THEN_READ,336,336,local,1,normal,4.92,True,False
1788779291.410591,client_A,WRITE_THEN_READ,337,337,local,1,normal,5.63,True,False
1788779291.4166334,client_A,WRITE_THEN_READ,338,338,local,1,normal,6.04,True,False
1788779291.4216313,client_A,WRITE_THEN_READ,339,339,local,1,normal,5.0,True,False
1788779291.4272387,client_A,WRITE_THEN_READ,340,340,local,1,normal,5.61,True,False
1788779291.4334576,client_A,WRITE_THEN_READ,341,341,local,1,normal,6.22,True,False
1788779291.439036,client_A,WRITE_THEN_READ,342,342,local,1,normal,5.58,True,False
1788779291.4439454,client_A,WRITE_THEN_READ,343,343,local,1,normal,4.91,True,False
1788779291.4502106,client_A,WRITE_THEN_READ,344,344,local,1,normal,6.27,True,False
1788779291.4556394,client_A,WRITE_THEN_READ,345,345,local,1,normal,5.43,True,False
1788779291.4614143,client_A,WRITE_THEN_READ,346,346,local,1,normal,5.77,True,False
1788779291.4670026,client_A,WRITE_THEN_READ,347,347,local,1,normal,5.59,True,False
1788779291.4730167,client_A,WRITE_THEN_READ,348,348,local,1,normal,6.01,True,False
1788779291.479506,client_A,WRITE_THEN_READ,349,349,local,1,normal,6.49,True,False
1788779291.4855855,client_A,WRITE_THEN_READ,350,350,local,1,normal,6.08,True,False
1788779291.491457,client_A,WRITE_THEN_READ,351,351,local,1,normal,5.87,True,False
1788779291.4969485,client_A,WRITE_THEN_READ,352,352,local,1,normal,5.49,True,False
1788779291.5030303,client_A,WRITE_THEN_READ,353,353,local,1,normal,6.08,True,False
1788779291.5083988,client_A,WRITE_THEN_READ,354,354,local,1,normal,5.37,True,False
1788779291.513506,client_A,WRITE_THEN_READ,355,355,local,1,normal,5.11,True,False
1788779291.519573,client_A,WRITE_THEN_READ,356,356,local,1,normal,6.07,True,False
1788779291.525333,client_A,WRITE_THEN_READ,357,357,local,1,normal,5.76,True,False
1788779291.5314445,client_A,WRITE_THEN_READ,358,358,local,1,normal,6.11,True,False
1788779291.5366883,client_A,WRITE_THEN_READ,359,359,local,1,normal,5.24,True,False
1788779291.5421405,client_A,WRITE_THEN_READ,360,360,local,1,normal,5.45,True,False
1788779291.547623,client_A,WRITE_THEN_READ,361,361,local,1,normal,5.48,True,False
1788779291.5533044,client_A,WRITE_THEN_READ,362,362,local,1,normal,5.68,True,False
1788779291.5586736,client_A,WRITE_THEN_READ,363,363,local,1,normal,5.37,True,False
1788779291.564556,client_A,WRITE_THEN_READ,364,364,local,1,normal,5.88,True,False
1788779291.5707054,client_A,WRITE_THEN_READ,365,365,local,1,normal,6.15,True,False
1788779291.5767934,client_A,WRITE_THEN_READ,366,366,local,1,normal,6.09,True,False
1788779291.582208,client_A,WRITE_THEN_READ,367,367,local,1,normal,5.41,True,False
1788779291.5879173,client_A,WRITE_THEN_READ,368,368,local,1,normal,5.71,True,False
1788779291.5926316,client_A,WRITE_THEN_READ,369,369,local,1,normal,4.71,True,False
1788779291.5990257,client_A,WRITE_THEN_READ,370,370,local,1,normal,6.39,True,False
1788779291.6045976,client_A,WRITE_THEN_READ,371,371,local,1,normal,5.57,True,False
1788779291.6099734,client_A,WRITE_THEN_READ,372,372,local,1,normal,5.38,True,False
1788779291.6151252,client_A,WRITE_THEN_READ,373,373,local,1,normal,5.15,True,False
1788779291.621888,client_A,WRITE_THEN_READ,374,374,local,1,normal,6.25,True,False
1788779291.62789,client_A,WRITE_THEN_READ,375,375,local,1,normal,6.0,True,False
1788779291.633733,client_A,WRITE_THEN_READ,376,376,local,1,normal,5.84,True,False
1788779291.6398652,client_A,WRITE_THEN_READ,377,377,local,1,normal,6.13,True,False
1788779291.645616,client_A,WRITE_THEN_READ,378,378,local,1,normal,5.75,True,False
1788779291.6512742,client_A,WRITE_THEN_READ,379,379,local,1,normal,5.66,True,False
1788779291.6573598,client_A,WRITE_THEN_READ,380,380,local,1,normal,6.09,True,False
1788779291.6627781,client_A,WRITE_THEN_READ,381,381,local,1,normal,5.42,True,False
1788779291.6685488,client_A,WRITE_THEN_READ,382,382,local,1,normal,5.77,True,False
1788779291.6741924,client_A,WRITE_THEN_READ,383,383,local,1,normal,5.64,True,False
1788779291.6803865,client_A,WRITE_THEN_READ,384,384,local,1,normal,6.19,True,False
1788779291.686469,client_A,WRITE_THEN_READ,385,385,local,1,normal,6.08,True,False
1788779291.6923757,client_A,WRITE_THEN_READ,386,386,local,1,normal,5.91,True,False
1788779291.6977005,client_A,WRITE_THEN_READ,387,387,local,1,normal,5.32,True,False
1788779291.7038562,client_A,WRITE_THEN_READ,388,388,local,1,normal,6.16,True,False
1788779291.7093382,client_A,WRITE_THEN_READ,389,389,local,1,normal,5.48,True,False
1788779291.714675,client_A,WRITE_THEN_READ,390,390,local,1,normal,5.34,True,False
1788779291.720372,client_A,WRITE_THEN_READ,391,391,local,1,normal,5.7,True,False
1788779291.7249715,client_A,WRITE_THEN_READ,392,392,local,1,normal,4.6,True,False
1788779291.7302463,client_A,WRITE_THEN_READ,393,393,local,1,normal,5.27,True,False
1788779291.7355795,client_A,WRITE_THEN_READ,394,394,local,1,normal,5.33,True,False
1788779291.7421806,client_A,WRITE_THEN_READ,395,395,local,1,normal,6.6,True,False
1788779291.7476156,client_A,WRITE_THEN_READ,396,396,local,1,normal,5.43,True,False
1788779291.7534974,client_A,WRITE_THEN_READ,397,397,local,1,normal,5.88,True,False
1788779291.76009,client_A,WRITE_THEN_READ,398,397,local,1,normal,6.59,True,True
1788779291.7673008,client_A,WRITE_THEN_READ,399,399,local,1,normal,7.21,True,False
1788779291.7737124,client_A,WRITE_THEN_READ,400,400,local,1,normal,6.41,True,False
1788779291.7808325,client_A,WRITE_THEN_READ,401,401,local,1,normal,6.49,True,False
1788779291.7868004,client_A,WRITE_THEN_READ,402,402,local,1,normal,5.97,True,False
1788779291.7926357,client_A,WRITE_THEN_READ,403,403,local,1,normal,5.84,True,False
1788779291.7982168,client_A,WRITE_THEN_READ,404,404,local,1,normal,5.58,True,False
1788779291.8046465,client_A,WRITE_THEN_READ,405,405,local,1,normal,6.43,True,False
1788779291.8105896,client_A,WRITE_THEN_READ,406,406,local,1,normal,5.94,True,False
1788779291.8164952,client_A,WRITE_THEN_READ,407,407,local,1,normal,5.91,True,False
1788779291.8225596,client_A,WRITE_THEN_READ,408,408,local,1,normal,6.06,True,False
1788779291.8279338,client_A,WRITE_THEN_READ,409,409,local,1,normal,4.59,True,False
1788779291.8344548,client_A,WRITE_THEN_READ,410,410,local,1,normal,6.52,True,False
1788779291.8399804,client_A,WRITE_THEN_READ,411,411,local,1,normal,5.53,True,False
1788779291.8459852,client_A,WRITE_THEN_READ,412,412,local,1,normal,6.0,True,False
1788779291.8508637,client_A,WRITE_THEN_READ,413,413,local,1,normal,4.88,True,False
1788779291.8564568,client_A,WRITE_THEN_READ,414,414,local,1,normal,5.59,True,False
1788779291.8625367,client_A,WRITE_THEN_READ,415,415,local,1,normal,6.08,True,False
1788779291.868085,client_A,WRITE_THEN_READ,416,416,local,1,normal,5.55,True,False
1788779291.873711,client_A,WRITE_THEN_READ,417,417,local,1,normal,5.63,True,False
1788779291.878759,client_A,WRITE_THEN_READ,418,418,local,1,normal,5.05,True,False
1788779291.884428,client_A,WRITE_THEN_READ,419,418,local,1,normal,5.67,True,True
1788779291.8895464,client_A,WRITE_THEN_READ,420,420,local,1,normal,5.12,True,False
1788779291.8955443,client_A,WRITE_THEN_READ,421,421,local,1,normal,6.0,True,False
1788779291.9016924,client_A,WRITE_THEN_READ,422,422,local,1,normal,6.15,True,False
1788779291.9073875,client_A,WRITE_THEN_READ,423,423,local,1,normal,5.7,True,False
1788779291.9134512,client_A,WRITE_THEN_READ,424,424,local,1,normal,6.06,True,False
1788779291.9183388,client_A,WRITE_THEN_READ,425,425,local,1,normal,4.89,True,False
1788779291.9238815,client_A,WRITE_THEN_READ,426,426,local,1,normal,5.54,True,False
1788779291.9294815,client_A,WRITE_THEN_READ,427,427,local,1,normal,5.6,True,False
1788779291.9353921,client_A,WRITE_THEN_READ,428,428,local,1,normal,5.91,True,False
1788779291.9412794,client_A,WRITE_THEN_READ,429,429,local,1,normal,5.89,True,False
1788779291.946866,client_A,WRITE_THEN_READ,430,430,local,1,normal,5.59,True,False
1788779291.9524806,client_A,WRITE_THEN_READ,431,431,local,1,normal,5.61,True,False
1788779291.9579892,client_A,WRITE_THEN_READ,432,432,local,1,normal,5.51,True,False
1788779291.9631026,client_A,WRITE_THEN_READ,433,433,local,1,normal,5.11,True,False
1788779291.9685655,client_A,WRITE_THEN_READ,434,434,local,1,normal,5.46,True,False
1788779291.9739573,client_A,WRITE_THEN_READ,435,435,local,1,normal,5.39,True,False
1788779291.9793537,client_A,WRITE_THEN_READ,436,436,local,1,normal,5.4,True,False
1788779291.9854453,client_A,WRITE_THEN_READ,437,437,local,1,normal,6.09,True,False
1788779291.9904146,client_A,WRITE_THEN_READ,438,438,local,1,normal,4.97,True,False
1788779291.9965699,client_A,WRITE_THEN_READ,439,439,local,1,normal,6.16,True,False
1788779292.0027413,client_A,WRITE_THEN_READ,440,440,local,1,normal,6.17,True,False
1788779292.0097961,client_A,WRITE_THEN_READ,441,441,local,1,normal,7.05,True,False
1788779292.015871,client_A,WRITE_THEN_READ,442,442,local,1,normal,6.07,True,False
1788779292.0223453,client_A,WRITE_THEN_READ,443,443,local,1,normal,6.47,True,False
1788779292.0275886,client_A,WRITE_THEN_READ,444,444,local,1,normal,5.24,True,False
1788779292.0342486,client_A,WRITE_THEN_READ,445,445,local,1,normal,6.66,True,False
1788779292.0407948,client_A,WRITE_THEN_READ,446,446,local,1,normal,6.55,True,False
1788779292.0474699,client_A,WRITE_THEN_READ,447,447,local,1,normal,6.68,True,False
1788779292.0531104,client_A,WRITE_THEN_READ,448,448,local,1,normal,5.64,True,False
1788779292.058927,client_A,WRITE_THEN_READ,449,449,local,1,normal,5.82,True,False
1788779292.0644214,client_A,WRITE_THEN_READ,450,450,local,1,normal,5.49,True,False
1788779292.0704892,client_A,WRITE_THEN_READ,451,451,local,1,normal,6.07,True,False
1788779292.0757024,client_A,WRITE_THEN_READ,452,452,local,1,normal,5.21,True,False
1788779292.082342,client_A,WRITE_THEN_READ,453,453,local,1,normal,6.64,True,False
1788779292.0885472,client_A,WRITE_THEN_READ,454,454,local,1,normal,6.21,True,False
1788779292.0935686,client_A,WRITE_THEN_READ,455,455,local,1,normal,5.02,True,False
1788779292.099394,client_A,WRITE_THEN_READ,456,456,local,1,normal,5.83,True,False
1788779292.104658,client_A,WRITE_THEN_READ,457,457,local,1,normal,5.26,True,False
1788779292.1102753,client_A,WRITE_THEN_READ,458,458,local,1,normal,5.62,True,False
1788779292.1156611,client_A,WRITE_THEN_READ,459,459,local,1,normal,5.39,True,False
1788779292.1211116,client_A,WRITE_THEN_READ,460,460,local,1,normal,5.45,True,False
1788779292.1269658,client_A,WRITE_THEN_READ,461,461,local,1,normal,5.85,True,False
1788779292.132153,client_A,WRITE_THEN_READ,462,462,local,1,normal,5.19,True,False
1788779292.1374834,client_A,WRITE_THEN_READ,463,463,local,1,normal,5.33,True,False
1788779292.1437926,client_A,WRITE_THEN_READ,464,464,local,1,normal,6.31,True,False
1788779292.1506653,client_A,WRITE_THEN_READ,465,465,local,1,normal,6.29,True,False
1788779292.1562665,client_A,WRITE_THEN_READ,466,466,local,1,normal,5.6,True,False
1788779292.1616545,client_A,WRITE_THEN_READ,467,467,local,1,normal,5.39,True,False
1788779292.168124,client_A,WRITE_THEN_READ,468,468,local,1,normal,6.47,True,False
1788779292.1736434,client_A,WRITE_THEN_READ,469,469,local,1,normal,5.52,True,False
1788779292.1795685,client_A,WRITE_THEN_READ,470,470,local,1,normal,5.93,True,False
1788779292.18488,client_A,WRITE_THEN_READ,471,471,local,1,normal,5.31,True,False
1788779292.1908395,client_A,WRITE_THEN_READ,472,472,local,1,normal,5.96,True,False
1788779292.1961694,client_A,WRITE_THEN_READ,473,473,local,1,normal,5.33,True,False
1788779292.201673,client_A,WRITE_THEN_READ,474,474,local,1,normal,5.5,True,False
1788779292.207834,client_A,WRITE_THEN_READ,475,475,local,1,normal,6.16,True,False
1788779292.2137418,client_A,WRITE_THEN_READ,476,476,local,1,normal,5.91,True,False
1788779292.219605,client_A,WRITE_THEN_READ,477,477,local,1,normal,5.86,True,False
1788779292.2256215,client_A,WRITE_THEN_READ,478,478,local,1,normal,6.02,True,False
1788779292.231658,client_A,WRITE_THEN_READ,479,479,local,1,normal,6.04,True,False
1788779292.2372973,client_A,WRITE_THEN_READ,480,480,local,1,normal,5.64,True,False
1788779292.2421963,client_A,WRITE_THEN_READ,481,481,local,1,normal,4.9,True,False
1788779292.2484574,client_A,WRITE_THEN_READ,482,482,local,1,normal,6.26,True,False
1788779292.2547688,client_A,WRITE_THEN_READ,483,483,local,1,normal,6.31,True,False
1788779292.2603664,client_A,WRITE_THEN_READ,484,484,local,1,normal,5.6,True,False
1788779292.2671158,client_A,WRITE_THEN_READ,485,485,local,1,normal,6.75,True,False
1788779292.273427,client_A,WRITE_THEN_READ,486,486,local,1,normal,6.31,True,False
1788779292.280543,client_A,WRITE_THEN_READ,487,487,local,1,normal,7.12,True,False
1788779292.2864122,client_A,WRITE_THEN_READ,488,488,local,1,normal,5.87,True,False
1788779292.292995,client_A,WRITE_THEN_READ,489,489,local,1,normal,6.58,True,False
1788779292.2996485,client_A,WRITE_THEN_READ,490,490,local,1,normal,6.65,True,False
1788779292.3067038,client_A,WRITE_THEN_READ,491,491,local,1,normal,7.06,True,False
1788779292.314347,client_A,WRITE_THEN_READ,492,492,local,1,normal,7.64,True,False
1788779292.3211184,client_A,WRITE_THEN_READ,493,493,local,1,normal,6.77,True,False
1788779292.3274481,client_A,WRITE_THEN_READ,494,494,local,1,normal,6.33,True,False
1788779292.3345246,client_A,WRITE_THEN_READ,495,495,local,1,normal,7.08,True,False
1788779292.340807,client_A,WRITE_THEN_READ,496,496,local,1,normal,6.28,True,False
1788779292.3478749,client_A,WRITE_THEN_READ,497,497,local,1,normal,7.07,True,False
1788779292.3550024,client_A,WRITE_THEN_READ,498,498,local,1,normal,7.13,True,False
1788779292.3620596,client_A,WRITE_THEN_READ,499,499,local,1,normal,7.06,True,False
1788779292.3688931,client_A,WRITE_THEN_READ,500,500,local,1,normal,6.83,True,False
1788779292.3753517,client_A,WRITE_THEN_READ,501,501,local,1,normal,6.46,True,False
1788779292.3808205,client_A,WRITE_THEN_READ,502,502,local,1,normal,5.47,True,False
1788779292.387691,client_A,WRITE_THEN_READ,503,503,local,1,normal,6.87,True,False
1788779292.3943276,client_A,WRITE_THEN_READ,504,504,local,1,normal,6.64,True,False
1788779292.4007273,client_A,WRITE_THEN_READ,505,505,local,1,normal,6.4,True,False
1788779292.4073174,client_A,WRITE_THEN_READ,506,506,local,1,normal,6.59,True,False
1788779292.4136195,client_A,WRITE_THEN_READ,507,507,local,1,normal,6.3,True,False
1788779292.4199255,client_A,WRITE_THEN_READ,508,508,local,1,normal,6.31,True,False
1788779292.4261055,client_A,WRITE_THEN_READ,509,509,local,1,normal,6.18,True,False
1788779292.4327495,client_A,WRITE_THEN_READ,510,510,local,1,normal,6.64,True,False
1788779292.4389555,client_A,WRITE_THEN_READ,511,511,local,1,normal,6.21,True,False
1788779292.4456086,client_A,WRITE_THEN_READ,512,512,local,1,normal,6.65,True,False
1788779292.4516902,client_A,WRITE_THEN_READ,513,513,local,1,normal,6.08,True,False
1788779292.4578238,client_A,WRITE_THEN_READ,514,514,local,1,normal,6.13,True,False
1788779292.4647255,client_A,WRITE_THEN_READ,515,515,local,1,normal,6.9,True,False
1788779292.4707756,client_A,WRITE_THEN_READ,516,516,local,1,normal,6.05,True,False
1788779292.4764237,client_A,WRITE_THEN_READ,517,517,local,1,normal,5.65,True,False
1788779292.4833205,client_A,WRITE_THEN_READ,518,518,local,1,normal,6.9,True,False
1788779292.4893107,client_A,WRITE_THEN_READ,519,519,local,1,normal,5.99,True,False
1788779292.4952095,client_A,WRITE_THEN_READ,520,520,local,1,normal,5.9,True,False
1788779292.5024931,client_A,WRITE_THEN_READ,521,521,local,1,normal,7.28,True,False
1788779292.5087068,client_A,WRITE_THEN_READ,522,522,local,1,normal,6.21,True,False
1788779292.5154269,client_A,WRITE_THEN_READ,523,523,local,1,normal,6.72,True,False
1788779292.5221114,client_A,WRITE_THEN_READ,524,524,local,1,normal,6.68,True,False
1788779292.5278895,client_A,WRITE_THEN_READ,525,525,local,1,normal,5.78,True,False
1788779292.5334024,client_A,WRITE_THEN_READ,526,526,local,1,normal,5.51,True,False
1788779292.5406282,client_A,WRITE_THEN_READ,527,527,local,1,normal,6.58,True,False
1788779292.5466661,client_A,WRITE_THEN_READ,528,528,local,1,normal,6.04,True,False
1788779292.5530868,client_A,WRITE_THEN_READ,529,529,local,1,normal,6.42,True,False
1788779292.5596173,client_A,WRITE_THEN_READ,530,530,local,1,normal,6.53,True,False
1788779292.5652559,client_A,WRITE_THEN_READ,531,531,local,1,normal,5.64,True,False
1788779292.5709672,client_A,WRITE_THEN_READ,532,532,local,1,normal,5.71,True,False
1788779292.5762641,client_A,WRITE_THEN_READ,533,533,local,1,normal,5.3,True,False
1788779292.5816803,client_A,WRITE_THEN_READ,534,534,local,1,normal,5.42,True,False
1788779292.5871148,client_A,WRITE_THEN_READ,535,535,local,1,normal,5.43,True,False
1788779292.5924177,client_A,WRITE_THEN_READ,536,536,local,1,normal,5.3,True,False
1788779292.5979831,client_A,WRITE_THEN_READ,537,537,local,1,normal,5.57,True,False
1788779292.6042283,client_A,WRITE_THEN_READ,538,538,local,1,normal,6.25,True,False
1788779292.6101058,client_A,WRITE_THEN_READ,539,539,local,1,normal,5.88,True,False
1788779292.615934,client_A,WRITE_THEN_READ,540,540,local,1,normal,5.26,True,False
1788779292.6220493,client_A,WRITE_THEN_READ,541,541,local,1,normal,6.12,True,False
1788779292.6269526,client_A,WRITE_THEN_READ,542,542,local,1,normal,4.9,True,False
1788779292.63262,client_A,WRITE_THEN_READ,543,543,local,1,normal,5.07,True,False
1788779292.6378644,client_A,WRITE_THEN_READ,544,544,local,1,normal,5.24,True,False
1788779292.643387,client_A,WRITE_THEN_READ,545,545,local,1,normal,5.52,True,False
1788779292.6486206,client_A,WRITE_THEN_READ,546,546,local,1,normal,5.23,True,False
1788779292.655232,client_A,WRITE_THEN_READ,547,547,local,1,normal,6.61,True,False
1788779292.6616263,client_A,WRITE_THEN_READ,548,548,local,1,normal,6.39,True,False
1788779292.668806,client_A,WRITE_THEN_READ,549,549,local,1,normal,7.18,True,False
1788779292.6750324,client_A,WRITE_THEN_READ,550,550,local,1,normal,6.23,True,False
1788779292.6798508,client_A,WRITE_THEN_READ,551,551,local,1,normal,4.82,True,False
1788779292.686036,client_A,WRITE_THEN_READ,552,552,local,1,normal,6.19,True,False
1788779292.6916437,client_A,WRITE_THEN_READ,553,553,local,1,normal,5.61,True,False
1788779292.697935,client_A,WRITE_THEN_READ,554,554,local,1,normal,6.29,True,False
1788779292.7034369,client_A,WRITE_THEN_READ,555,555,local,1,normal,5.5,True,False
1788779292.7094622,client_A,WRITE_THEN_READ,556,556,local,1,normal,6.03,True,False
1788779292.714899,client_A,WRITE_THEN_READ,557,557,local,1,normal,5.44,True,False
1788779292.7215488,client_A,WRITE_THEN_READ,558,558,local,1,normal,6.65,True,False
1788779292.7275882,client_A,WRITE_THEN_READ,559,559,local,1,normal,6.04,True,False
1788779292.732987,client_A,WRITE_THEN_READ,560,560,local,1,normal,5.4,True,False
1788779292.7387915,client_A,WRITE_THEN_READ,561,561,local,1,normal,5.8,True,False
1788779292.7445543,client_A,WRITE_THEN_READ,562,562,local,1,normal,5.76,True,False
1788779292.7492678,client_A,WRITE_THEN_READ,563,563,local,1,normal,4.71,True,False
1788779292.755878,client_A,WRITE_THEN_READ,564,564,local,1,normal,6.61,True,False
1788779292.7625523,client_A,WRITE_THEN_READ,565,565,local,1,normal,6.67,True,False
1788779292.7683465,client_A,WRITE_THEN_READ,566,566,local,1,normal,5.79,True,False
1788779292.7755916,client_A,WRITE_THEN_READ,567,567,local,1,normal,7.25,True,False
1788779292.7812247,client_A,WRITE_THEN_READ,568,568,local,1,normal,5.63,True,False
1788779292.7878184,client_A,WRITE_THEN_READ,569,568,local,1,normal,6.59,True,True
1788779292.7944088,client_A,WRITE_THEN_READ,570,570,local,1,normal,6.59,True,False
1788779292.8002708,client_A,WRITE_THEN_READ,571,571,local,1,normal,5.86,True,False
1788779292.806501,client_A,WRITE_THEN_READ,572,572,local,1,normal,6.23,True,False
1788779292.8128352,client_A,WRITE_THEN_READ,573,573,local,1,normal,6.33,True,False
1788779292.8190212,client_A,WRITE_THEN_READ,574,574,local,1,normal,6.19,True,False
1788779292.8244898,client_A,WRITE_THEN_READ,575,575,local,1,normal,5.47,True,False
1788779292.8301554,client_A,WRITE_THEN_READ,576,576,local,1,normal,5.0,True,False
1788779292.836651,client_A,WRITE_THEN_READ,577,577,local,1,normal,6.5,True,False
1788779292.8429134,client_A,WRITE_THEN_READ,578,578,local,1,normal,6.26,True,False
1788779292.848608,client_A,WRITE_THEN_READ,579,579,local,1,normal,5.69,True,False
1788779292.855036,client_A,WRITE_THEN_READ,580,580,local,1,normal,6.43,True,False
1788779292.8610425,client_A,WRITE_THEN_READ,581,581,local,1,normal,6.01,True,False
1788779292.8668926,client_A,WRITE_THEN_READ,582,582,local,1,normal,5.85,True,False
1788779292.8717194,client_A,WRITE_THEN_READ,583,583,local,1,normal,4.83,True,False
1788779292.8772316,client_A,WRITE_THEN_READ,584,584,local,1,normal,5.51,True,False
1788779292.8825734,client_A,WRITE_THEN_READ,585,585,local,1,normal,5.34,True,False
1788779292.8882003,client_A,WRITE_THEN_READ,586,586,local,1,normal,5.63,True,False
1788779292.8933117,client_A,WRITE_THEN_READ,587,587,local,1,normal,5.11,True,False
1788779292.899279,client_A,WRITE_THEN_READ,588,588,local,1,normal,5.97,True,False
1788779292.9053879,client_A,WRITE_THEN_READ,589,589,local,1,normal,6.11,True,False
1788779292.9116435,client_A,WRITE_THEN_READ,590,590,local,1,normal,6.26,True,False
1788779292.9182086,client_A,WRITE_THEN_READ,591,591,local,1,normal,6.57,True,False
1788779292.9251647,client_A,WRITE_THEN_READ,592,592,local,1,normal,6.96,True,False
1788779292.9322844,client_A,WRITE_THEN_READ,593,593,local,1,normal,7.12,True,False
1788779292.9401128,client_A,WRITE_THEN_READ,594,594,local,1,normal,7.83,True,False
1788779292.9469519,client_A,WRITE_THEN_READ,595,595,local,1,normal,6.84,True,False
1788779292.9532964,client_A,WRITE_THEN_READ,596,596,local,1,normal,6.34,True,False
1788779292.9589033,client_A,WRITE_THEN_READ,597,597,local,1,normal,5.61,True,False
1788779292.9664605,client_A,WRITE_THEN_READ,598,598,local,1,normal,6.55,True,False
1788779292.9727435,client_A,WRITE_THEN_READ,599,599,local,1,normal,6.28,True,False
1788779292.9791775,client_A,WRITE_THEN_READ,600,600,local,1,normal,6.43,True,False
1788779292.985018,client_A,WRITE_THEN_READ,601,601,local,1,normal,5.84,True,False
1788779292.9912665,client_A,WRITE_THEN_READ,602,602,local,1,normal,6.25,True,False
1788779292.9971762,client_A,WRITE_THEN_READ,603,603,local,1,normal,5.91,True,False
1788779293.0029368,client_A,WRITE_THEN_READ,604,604,local,1,normal,5.76,True,False
1788779293.0082214,client_A,WRITE_THEN_READ,605,605,local,1,normal,5.28,True,False
1788779293.014712,client_A,WRITE_THEN_READ,606,606,local,1,normal,6.49,True,False
1788779293.020569,client_A,WRITE_THEN_READ,607,607,local,1,normal,5.86,True,False
1788779293.0262241,client_A,WRITE_THEN_READ,608,608,local,1,normal,5.66,True,False
1788779293.0329256,client_A,WRITE_THEN_READ,609,609,local,1,normal,6.7,True,False
1788779293.038377,client_A,WRITE_THEN_READ,610,610,local,1,normal,5.45,True,False
1788779293.0436459,client_A,WRITE_THEN_READ,611,611,local,1,normal,5.27,True,False
1788779293.0502617,client_A,WRITE_THEN_READ,612,612,local,1,normal,6.62,True,False
1788779293.05613,client_A,WRITE_THEN_READ,613,613,local,1,normal,5.87,True,False
1788779293.062171,client_A,WRITE_THEN_READ,614,614,local,1,normal,6.04,True,False
1788779293.0691524,client_A,WRITE_THEN_READ,615,615,local,1,normal,6.98,True,False
1788779293.0751412,client_A,WRITE_THEN_READ,616,616,local,1,normal,5.99,True,False
1788779293.0810454,client_A,WRITE_THEN_READ,617,617,local,1,normal,5.9,True,False
1788779293.087018,client_A,WRITE_THEN_READ,618,618,local,1,normal,5.97,True,False
1788779293.0920143,client_A,WRITE_THEN_READ,619,619,local,1,normal,5.0,True,False
1788779293.0972283,client_A,WRITE_THEN_READ,620,620,local,1,normal,5.21,True,False
1788779293.10249,client_A,WRITE_THEN_READ,621,621,local,1,normal,5.26,True,False
1788779293.1083775,client_A,WRITE_THEN_READ,622,622,local,1,normal,5.89,True,False
1788779293.1141255,client_A,WRITE_THEN_READ,623,623,local,1,normal,5.75,True,False
1788779293.120397,client_A,WRITE_THEN_READ,624,624,local,1,normal,6.27,True,False
1788779293.1261766,client_A,WRITE_THEN_READ,625,625,local,1,normal,5.78,True,False
1788779293.1306589,client_A,WRITE_THEN_READ,626,626,local,1,normal,4.48,True,False
1788779293.1351655,client_A,WRITE_THEN_READ,627,627,local,1,normal,4.51,True,False
1788779293.1409185,client_A,WRITE_THEN_READ,628,628,local,1,normal,5.75,True,False
1788779293.1460574,client_A,WRITE_THEN_READ,629,629,local,1,normal,5.14,True,False
1788779293.1506302,client_A,WRITE_THEN_READ,630,630,local,1,normal,4.57,True,False
1788779293.1564279,client_A,WRITE_THEN_READ,631,631,local,1,normal,5.8,True,False
1788779293.1617017,client_A,WRITE_THEN_READ,632,632,local,1,normal,5.27,True,False
1788779293.1670876,client_A,WRITE_THEN_READ,633,633,local,1,normal,5.39,True,False
1788779293.1722355,client_A,WRITE_THEN_READ,634,634,local,1,normal,5.15,True,False
1788779293.17727,client_A,WRITE_THEN_READ,635,635,local,1,normal,5.03,True,False
1788779293.1818612,client_A,WRITE_THEN_READ,636,636,local,1,normal,4.59,True,False
1788779293.1877134,client_A,WRITE_THEN_READ,637,637,local,1,normal,5.85,True,False
1788779293.192255,client_A,WRITE_THEN_READ,638,638,local,1,normal,4.54,True,False
1788779293.1967573,client_A,WRITE_THEN_READ,639,639,local,1,normal,4.5,True,False
1788779293.2018616,client_A,WRITE_THEN_READ,640,640,local,1,normal,5.1,True,False
1788779293.2069812,client_A,WRITE_THEN_READ,641,641,local,1,normal,5.12,True,False
1788779293.212123,client_A,WRITE_THEN_READ,642,642,local,1,normal,5.14,True,False
1788779293.217379,client_A,WRITE_THEN_READ,643,643,local,1,normal,5.26,True,False
1788779293.2225235,client_A,WRITE_THEN_READ,644,644,local,1,normal,5.14,True,False
1788779293.2265954,client_A,WRITE_THEN_READ,645,645,local,1,normal,4.07,True,False
1788779293.2318835,client_A,WRITE_THEN_READ,646,646,local,1,normal,5.29,True,False
1788779293.236376,client_A,WRITE_THEN_READ,647,647,local,1,normal,4.49,True,False
1788779293.2413986,client_A,WRITE_THEN_READ,648,648,local,1,normal,5.02,True,False
1788779293.2466226,client_A,WRITE_THEN_READ,649,649,local,1,normal,5.22,True,False
1788779293.251614,client_A,WRITE_THEN_READ,650,650,local,1,normal,4.99,True,False
1788779293.256085,client_A,WRITE_THEN_READ,651,651,local,1,normal,4.47,True,False
1788779293.2612543,client_A,WRITE_THEN_READ,652,652,local,1,normal,5.17,True,False
1788779293.2657292,client_A,WRITE_THEN_READ,653,653,local,1,normal,4.47,True,False
1788779293.2703063,client_A,WRITE_THEN_READ,654,654,local,1,normal,4.58,True,False
1788779293.2751265,client_A,WRITE_THEN_READ,655,655,local,1,normal,4.82,True,False
1788779293.2804012,client_A,WRITE_THEN_READ,656,656,local,1,normal,5.27,True,False
1788779293.2854524,client_A,WRITE_THEN_READ,657,657,local,1,normal,5.05,True,False
1788779293.291378,client_A,WRITE_THEN_READ,658,658,local,1,normal,5.93,True,False
1788779293.297263,client_A,WRITE_THEN_READ,659,659,local,1,normal,5.88,True,False
1788779293.302922,client_A,WRITE_THEN_READ,660,660,local,1,normal,5.66,True,False
1788779293.3082445,client_A,WRITE_THEN_READ,661,661,local,1,normal,5.32,True,False
1788779293.314046,client_A,WRITE_THEN_READ,662,662,local,1,normal,5.8,True,False
1788779293.319844,client_A,WRITE_THEN_READ,663,663,local,1,normal,5.8,True,False
1788779293.3261712,client_A,WRITE_THEN_READ,664,664,local,1,normal,6.33,True,False
1788779293.3319087,client_A,WRITE_THEN_READ,665,664,local,1,normal,5.74,True,True
1788779293.3375273,client_A,WRITE_THEN_READ,666,666,local,1,normal,5.62,True,False
1788779293.3429475,client_A,WRITE_THEN_READ,667,667,local,1,normal,5.42,True,False
1788779293.3484938,client_A,WRITE_THEN_READ,668,668,local,1,normal,5.55,True,False
1788779293.3541405,client_A,WRITE_THEN_READ,669,669,local,1,normal,5.65,True,False
1788779293.359221,client_A,WRITE_THEN_READ,670,670,local,1,normal,5.08,True,False
1788779293.3644383,client_A,WRITE_THEN_READ,671,671,local,1,normal,5.22,True,False
1788779293.3701954,client_A,WRITE_THEN_READ,672,672,local,1,normal,5.76,True,False
1788779293.3759513,client_A,WRITE_THEN_READ,673,673,local,1,normal,5.76,True,False
1788779293.3814256,client_A,WRITE_THEN_READ,674,674,local,1,normal,5.47,True,False
1788779293.3872707,client_A,WRITE_THEN_READ,675,675,local,1,normal,5.85,True,False
1788779293.392901,client_A,WRITE_THEN_READ,676,676,local,1,normal,5.63,True,False
1788779293.3988037,client_A,WRITE_THEN_READ,677,677,local,1,normal,5.9,True,False
1788779293.403851,client_A,WRITE_THEN_READ,678,678,local,1,normal,5.05,True,False
1788779293.4090095,client_A,WRITE_THEN_READ,679,679,local,1,normal,5.16,True,False
1788779293.415333,client_A,WRITE_THEN_READ,680,680,local,1,normal,6.32,True,False
1788779293.4217062,client_A,WRITE_THEN_READ,681,681,local,1,normal,6.37,True,False
1788779293.426971,client_A,WRITE_THEN_READ,682,682,local,1,normal,5.26,True,False
1788779293.4329903,client_A,WRITE_THEN_READ,683,683,local,1,normal,6.02,True,False
1788779293.4380667,client_A,WRITE_THEN_READ,684,684,local,1,normal,5.08,True,False
1788779293.4436626,client_A,WRITE_THEN_READ,685,685,local,1,normal,5.6,True,False
1788779293.4490647,client_A,WRITE_THEN_READ,686,686,local,1,normal,4.76,True,False
1788779293.4546719,client_A,WRITE_THEN_READ,687,687,local,1,normal,5.61,True,False
1788779293.4601462,client_A,WRITE_THEN_READ,688,688,local,1,normal,5.47,True,False
1788779293.4676027,client_A,WRITE_THEN_READ,689,689,local,1,normal,7.46,True,False
1788779293.4730322,client_A,WRITE_THEN_READ,690,690,local,1,normal,5.43,True,False
1788779293.4786618,client_A,WRITE_THEN_READ,691,691,local,1,normal,5.63,True,False
1788779293.484283,client_A,WRITE_THEN_READ,692,692,local,1,normal,5.62,True,False
1788779293.490903,client_A,WRITE_THEN_READ,693,693,local,1,normal,6.62,True,False
1788779293.4969318,client_A,WRITE_THEN_READ,694,694,local,1,normal,6.03,True,False
1788779293.5029821,client_A,WRITE_THEN_READ,695,695,local,1,normal,6.05,True,False
1788779293.5085428,client_A,WRITE_THEN_READ,696,696,local,1,normal,5.56,True,False
1788779293.514123,client_A,WRITE_THEN_READ,697,697,local,1,normal,5.58,True,False
1788779293.5196397,client_A,WRITE_THEN_READ,698,698,local,1,normal,5.52,True,False
1788779293.5254705,client_A,WRITE_THEN_READ,699,699,local,1,normal,5.83,True,False
1788779293.5310357,client_A,WRITE_THEN_READ,700,700,local,1,normal,5.57,True,False
1788779293.5373735,client_A,WRITE_THEN_READ,701,701,local,1,normal,6.34,True,False
1788779293.543709,client_A,WRITE_THEN_READ,702,702,local,1,normal,6.34,True,False
1788779293.5500014,client_A,WRITE_THEN_READ,703,703,local,1,normal,6.29,True,False
1788779293.5563421,client_A,WRITE_THEN_READ,704,704,local,1,normal,6.34,True,False
1788779293.5620549,client_A,WRITE_THEN_READ,705,705,local,1,normal,5.71,True,False
1788779293.5689862,client_A,WRITE_THEN_READ,706,706,local,1,normal,6.93,True,False
1788779293.5741515,client_A,WRITE_THEN_READ,707,707,local,1,normal,5.17,True,False
1788779293.5793812,client_A,WRITE_THEN_READ,708,708,local,1,normal,5.23,True,False
1788779293.5850167,client_A,WRITE_THEN_READ,709,709,local,1,normal,5.64,True,False
1788779293.5912938,client_A,WRITE_THEN_READ,710,710,local,1,normal,6.28,True,False
1788779293.597734,client_A,WRITE_THEN_READ,711,711,local,1,normal,6.44,True,False
1788779293.603741,client_A,WRITE_THEN_READ,712,712,local,1,normal,6.01,True,False
1788779293.6095998,client_A,WRITE_THEN_READ,713,713,local,1,normal,5.86,True,False
1788779293.6154537,client_A,WRITE_THEN_READ,714,714,local,1,normal,5.85,True,False
1788779293.6212428,client_A,WRITE_THEN_READ,715,715,local,1,normal,5.19,True,False
1788779293.627118,client_A,WRITE_THEN_READ,716,716,local,1,normal,5.88,True,False
1788779293.6342602,client_A,WRITE_THEN_READ,717,717,local,1,normal,7.14,True,False
1788779293.6405017,client_A,WRITE_THEN_READ,718,718,local,1,normal,6.24,True,False
1788779293.647064,client_A,WRITE_THEN_READ,719,719,local,1,normal,6.56,True,False
1788779293.653553,client_A,WRITE_THEN_READ,720,720,local,1,normal,6.49,True,False
1788779293.659573,client_A,WRITE_THEN_READ,721,721,local,1,normal,6.02,True,False
1788779293.6653614,client_A,WRITE_THEN_READ,722,722,local,1,normal,5.79,True,False
1788779293.6726062,client_A,WRITE_THEN_READ,723,723,local,1,normal,7.24,True,False
1788779293.6788862,client_A,WRITE_THEN_READ,724,724,local,1,normal,6.28,True,False
1788779293.6845312,client_A,WRITE_THEN_READ,725,725,local,1,normal,5.65,True,False
1788779293.6896727,client_A,WRITE_THEN_READ,726,726,local,1,normal,5.14,True,False
1788779293.6967034,client_A,WRITE_THEN_READ,727,727,local,1,normal,7.03,True,False
1788779293.7027462,client_A,WRITE_THEN_READ,728,727,local,1,normal,6.04,True,True
1788779293.7090373,client_A,WRITE_THEN_READ,729,729,local,1,normal,6.29,True,False
1788779293.7142777,client_A,WRITE_THEN_READ,730,730,local,1,normal,5.24,True,False
1788779293.7200868,client_A,WRITE_THEN_READ,731,731,local,1,normal,5.81,True,False
1788779293.7254815,client_A,WRITE_THEN_READ,732,732,local,1,normal,5.39,True,False
1788779293.7310944,client_A,WRITE_THEN_READ,733,733,local,1,normal,5.61,True,False
1788779293.7370954,client_A,WRITE_THEN_READ,734,734,local,1,normal,6.0,True,False
1788779293.7422974,client_A,WRITE_THEN_READ,735,735,local,1,normal,5.2,True,False
1788779293.7481751,client_A,WRITE_THEN_READ,736,736,local,1,normal,5.88,True,False
1788779293.7544186,client_A,WRITE_THEN_READ,737,737,local,1,normal,6.24,True,False
1788779293.7600634,client_A,WRITE_THEN_READ,738,738,local,1,normal,5.64,True,False
1788779293.7665083,client_A,WRITE_THEN_READ,739,739,local,1,normal,6.44,True,False
1788779293.7722685,client_A,WRITE_THEN_READ,740,740,local,1,normal,5.76,True,False
1788779293.7780435,client_A,WRITE_THEN_READ,741,741,local,1,normal,5.77,True,False
1788779293.783917,client_A,WRITE_THEN_READ,742,742,local,1,normal,5.87,True,False
1788779293.7902064,client_A,WRITE_THEN_READ,743,743,local,1,normal,6.29,True,False
1788779293.7955256,client_A,WRITE_THEN_READ,744,744,local,1,normal,5.32,True,False
1788779293.800878,client_A,WRITE_THEN_READ,745,745,local,1,normal,5.35,True,False
1788779293.8072836,client_A,WRITE_THEN_READ,746,746,local,1,normal,6.41,True,False
1788779293.813014,client_A,WRITE_THEN_READ,747,747,local,1,normal,5.73,True,False
1788779293.8185296,client_A,WRITE_THEN_READ,748,748,local,1,normal,5.52,True,False
1788779293.8235707,client_A,WRITE_THEN_READ,749,748,local,1,normal,5.04,True,True
1788779293.829218,client_A,WRITE_THEN_READ,750,750,local,1,normal,5.65,True,False
1788779293.8353527,client_A,WRITE_THEN_READ,751,751,local,1,normal,6.13,True,False
1788779293.8402774,client_A,WRITE_THEN_READ,752,752,local,1,normal,4.92,True,False
1788779293.8462603,client_A,WRITE_THEN_READ,753,753,local,1,normal,5.98,True,False
1788779293.8518167,client_A,WRITE_THEN_READ,754,754,local,1,normal,5.56,True,False
1788779293.8567576,client_A,WRITE_THEN_READ,755,755,local,1,normal,4.94,True,False
1788779293.8621933,client_A,WRITE_THEN_READ,756,756,local,1,normal,5.44,True,False
1788779293.867619,client_A,WRITE_THEN_READ,757,757,local,1,normal,5.43,True,False
1788779293.8728557,client_A,WRITE_THEN_READ,758,758,local,1,normal,5.24,True,False
1788779293.8788643,client_A,WRITE_THEN_READ,759,759,local,1,normal,6.01,True,False
1788779293.8838854,client_A,WRITE_THEN_READ,760,760,local,1,normal,5.02,True,False
1788779293.8895073,client_A,WRITE_THEN_READ,761,761,local,1,normal,5.62,True,False
1788779293.8952465,client_A,WRITE_THEN_READ,762,762,local,1,normal,5.74,True,False
1788779293.901278,client_A,WRITE_THEN_READ,763,763,local,1,normal,6.03,True,False
1788779293.9066093,client_A,WRITE_THEN_READ,764,764,local,1,normal,5.33,True,False
1788779293.913181,client_A,WRITE_THEN_READ,765,765,local,1,normal,6.57,True,False
1788779293.921149,client_A,WRITE_THEN_READ,766,766,local,1,normal,7.97,True,False
1788779293.9270315,client_A,WRITE_THEN_READ,767,767,local,1,normal,5.88,True,False
1788779293.9328542,client_A,WRITE_THEN_READ,768,768,local,1,normal,5.82,True,False
1788779293.9393964,client_A,WRITE_THEN_READ,769,769,local,1,normal,6.54,True,False
1788779293.9459438,client_A,WRITE_THEN_READ,770,770,local,1,normal,6.55,True,False
1788779293.9511104,client_A,WRITE_THEN_READ,771,771,local,1,normal,5.17,True,False
1788779293.9579556,client_A,WRITE_THEN_READ,772,772,local,1,normal,6.85,True,False
1788779293.965183,client_A,WRITE_THEN_READ,773,773,local,1,normal,7.23,True,False
1788779293.971745,client_A,WRITE_THEN_READ,774,774,local,1,normal,6.56,True,False
1788779293.9783711,client_A,WRITE_THEN_READ,775,775,local,1,normal,6.63,True,False
1788779293.9853902,client_A,WRITE_THEN_READ,776,776,local,1,normal,7.02,True,False
1788779293.9920084,client_A,WRITE_THEN_READ,777,777,local,1,normal,6.62,True,False
1788779293.9987457,client_A,WRITE_THEN_READ,778,778,local,1,normal,6.74,True,False
1788779294.0044541,client_A,WRITE_THEN_READ,779,779,local,1,normal,5.71,True,False
1788779294.0104966,client_A,WRITE_THEN_READ,780,780,local,1,normal,6.04,True,False
1788779294.0163963,client_A,WRITE_THEN_READ,781,781,local,1,normal,5.9,True,False
1788779294.0223246,client_A,WRITE_THEN_READ,782,782,local,1,normal,5.93,True,False
1788779294.0289972,client_A,WRITE_THEN_READ,783,783,local,1,normal,6.67,True,False
1788779294.0350122,client_A,WRITE_THEN_READ,784,784,local,1,normal,6.02,True,False
1788779294.0405312,client_A,WRITE_THEN_READ,785,785,local,1,normal,5.52,True,False
1788779294.0462623,client_A,WRITE_THEN_READ,786,786,local,1,normal,5.73,True,False
1788779294.051662,client_A,WRITE_THEN_READ,787,787,local,1,normal,5.4,True,False
1788779294.0579684,client_A,WRITE_THEN_READ,788,788,local,1,normal,6.31,True,False
1788779294.064436,client_A,WRITE_THEN_READ,789,789,local,1,normal,6.47,True,False
1788779294.071141,client_A,WRITE_THEN_READ,790,790,local,1,normal,6.71,True,False
1788779294.0768988,client_A,WRITE_THEN_READ,791,791,local,1,normal,5.76,True,False
1788779294.08259,client_A,WRITE_THEN_READ,792,792,local,1,normal,5.69,True,False
1788779294.0876906,client_A,WRITE_THEN_READ,793,793,local,1,normal,5.1,True,False
1788779294.093172,client_A,WRITE_THEN_READ,794,794,local,1,normal,5.48,True,False
1788779294.0996265,client_A,WRITE_THEN_READ,795,795,local,1,normal,6.45,True,False
1788779294.1054163,client_A,WRITE_THEN_READ,796,795,local,1,normal,5.79,True,True
1788779294.1102943,client_A,WRITE_THEN_READ,797,797,local,1,normal,4.88,True,False
1788779294.1157281,client_A,WRITE_THEN_READ,798,798,local,1,normal,5.43,True,False
1788779294.121508,client_A,WRITE_THEN_READ,799,799,local,1,normal,5.78,True,False
1788779294.126181,client_A,WRITE_THEN_READ,800,800,local,1,normal,4.67,True,False
1788779294.1326258,client_A,WRITE_THEN_READ,801,801,local,1,normal,6.44,True,False
1788779294.1384697,client_A,WRITE_THEN_READ,802,802,local,1,normal,5.84,True,False
1788779294.1438966,client_A,WRITE_THEN_READ,803,803,local,1,normal,5.43,True,False
1788779294.1499739,client_A,WRITE_THEN_READ,804,804,local,1,normal,6.08,True,False
1788779294.1555238,client_A,WRITE_THEN_READ,805,805,local,1,normal,5.55,True,False
1788779294.1621752,client_A,WRITE_THEN_READ,806,806,local,1,normal,6.65,True,False
1788779294.1678267,client_A,WRITE_THEN_READ,807,807,local,1,normal,5.65,True,False
1788779294.173395,client_A,WRITE_THEN_READ,808,808,local,1,normal,5.57,True,False
1788779294.1789305,client_A,WRITE_THEN_READ,809,809,local,1,normal,5.54,True,False
1788779294.184295,client_A,WRITE_THEN_READ,810,810,local,1,normal,5.36,True,False
1788779294.1902308,client_A,WRITE_THEN_READ,811,811,local,1,normal,5.94,True,False
1788779294.195346,client_A,WRITE_THEN_READ,812,812,local,1,normal,5.12,True,False
1788779294.2018611,client_A,WRITE_THEN_READ,813,813,local,1,normal,6.52,True,False
1788779294.2072775,client_A,WRITE_THEN_READ,814,814,local,1,normal,5.42,True,False
1788779294.2129006,client_A,WRITE_THEN_READ,815,815,local,1,normal,5.62,True,False
1788779294.2182543,client_A,WRITE_THEN_READ,816,816,local,1,normal,5.35,True,False
1788779294.2224412,client_A,WRITE_THEN_READ,817,817,local,1,normal,4.19,True,False
1788779294.2290995,client_A,WRITE_THEN_READ,818,818,local,1,normal,6.66,True,False
1788779294.2344434,client_A,WRITE_THEN_READ,819,819,local,1,normal,5.34,True,False
1788779294.239865,client_A,WRITE_THEN_READ,820,820,local,1,normal,5.42,True,False
1788779294.2465587,client_A,WRITE_THEN_READ,821,821,local,1,normal,6.06,True,False
1788779294.2514992,client_A,WRITE_THEN_READ,822,822,local,1,normal,4.94,True,False
1788779294.257974,client_A,WRITE_THEN_READ,823,823,local,1,normal,6.47,True,False
1788779294.2641733,client_A,WRITE_THEN_READ,824,824,local,1,normal,6.2,True,False
1788779294.269695,client_A,WRITE_THEN_READ,825,825,local,1,normal,5.52,True,False
1788779294.2757218,client_A,WRITE_THEN_READ,826,826,local,1,normal,6.03,True,False
1788779294.2814796,client_A,WRITE_THEN_READ,827,827,local,1,normal,5.76,True,False
1788779294.2875097,client_A,WRITE_THEN_READ,828,827,local,1,normal,6.03,True,True
1788779294.2937734,client_A,WRITE_THEN_READ,829,829,local,1,normal,6.26,True,False
1788779294.2987475,client_A,WRITE_THEN_READ,830,830,local,1,normal,4.97,True,False
1788779294.3042724,client_A,WRITE_THEN_READ,831,831,local,1,normal,5.52,True,False
1788779294.3096406,client_A,WRITE_THEN_READ,832,832,local,1,normal,5.37,True,False
1788779294.3155003,client_A,WRITE_THEN_READ,833,833,local,1,normal,5.86,True,False
1788779294.3207233,client_A,WRITE_THEN_READ,834,834,local,1,normal,5.22,True,False
1788779294.3267095,client_A,WRITE_THEN_READ,835,835,local,1,normal,5.99,True,False
1788779294.3320184,client_A,WRITE_THEN_READ,836,836,local,1,normal,5.31,True,False
1788779294.3372867,client_A,WRITE_THEN_READ,837,837,local,1,normal,5.27,True,False
1788779294.343402,client_A,WRITE_THEN_READ,838,838,local,1,normal,6.12,True,False
1788779294.3493018,client_A,WRITE_THEN_READ,839,839,local,1,normal,5.9,True,False
1788779294.355166,client_A,WRITE_THEN_READ,840,840,local,1,normal,5.86,True,False
1788779294.3601027,client_A,WRITE_THEN_READ,841,841,local,1,normal,4.94,True,False
1788779294.365697,client_A,WRITE_THEN_READ,842,842,local,1,normal,5.59,True,False
1788779294.371464,client_A,WRITE_THEN_READ,843,843,local,1,normal,5.77,True,False
1788779294.3772676,client_A,WRITE_THEN_READ,844,844,local,1,normal,5.8,True,False
1788779294.3831644,client_A,WRITE_THEN_READ,845,845,local,1,normal,5.9,True,False
1788779294.387997,client_A,WRITE_THEN_READ,846,846,local,1,normal,4.83,True,False
1788779294.3937128,client_A,WRITE_THEN_READ,847,847,local,1,normal,5.72,True,False
1788779294.399028,client_A,WRITE_THEN_READ,848,848,local,1,normal,5.32,True,False
1788779294.4048035,client_A,WRITE_THEN_READ,849,849,local,1,normal,5.78,True,False
1788779294.4110365,client_A,WRITE_THEN_READ,850,850,local,1,normal,6.23,True,False
1788779294.417484,client_A,WRITE_THEN_READ,851,851,local,1,normal,6.45,True,False
1788779294.423739,client_A,WRITE_THEN_READ,852,852,local,1,normal,6.25,True,False
1788779294.429009,client_A,WRITE_THEN_READ,853,853,local,1,normal,5.27,True,False
1788779294.434381,client_A,WRITE_THEN_READ,854,854,local,1,normal,5.37,True,False
1788779294.439769,client_A,WRITE_THEN_READ,855,855,local,1,normal,5.39,True,False
1788779294.4457076,client_A,WRITE_THEN_READ,856,856,local,1,normal,5.94,True,False
1788779294.4506059,client_A,WRITE_THEN_READ,857,857,local,1,normal,4.9,True,False
1788779294.4565039,client_A,WRITE_THEN_READ,858,858,local,1,normal,5.9,True,False
1788779294.4628882,client_A,WRITE_THEN_READ,859,859,local,1,normal,6.38,True,False
1788779294.469124,client_A,WRITE_THEN_READ,860,860,local,1,normal,6.24,True,False
1788779294.4743373,client_A,WRITE_THEN_READ,861,861,local,1,normal,5.21,True,False
1788779294.480271,client_A,WRITE_THEN_READ,862,862,local,1,normal,5.93,True,False
1788779294.4858649,client_A,WRITE_THEN_READ,863,863,local,1,normal,5.59,True,False
1788779294.491455,client_A,WRITE_THEN_READ,864,864,local,1,normal,5.59,True,False
1788779294.4963648,client_A,WRITE_THEN_READ,865,865,local,1,normal,4.91,True,False
1788779294.502288,client_A,WRITE_THEN_READ,866,866,local,1,normal,5.92,True,False
1788779294.5083325,client_A,WRITE_THEN_READ,867,867,local,1,normal,6.04,True,False
1788779294.5151443,client_A,WRITE_THEN_READ,868,868,local,1,normal,6.81,True,False
1788779294.5208843,client_A,WRITE_THEN_READ,869,869,local,1,normal,5.74,True,False
1788779294.5264719,client_A,WRITE_THEN_READ,870,870,local,1,normal,5.59,True,False
1788779294.532522,client_A,WRITE_THEN_READ,871,871,local,1,normal,6.05,True,False
1788779294.538324,client_A,WRITE_THEN_READ,872,872,local,1,normal,5.8,True,False
1788779294.5435672,client_A,WRITE_THEN_READ,873,873,local,1,normal,5.24,True,False
1788779294.5488722,client_A,WRITE_THEN_READ,874,874,local,1,normal,5.31,True,False
1788779294.5546312,client_A,WRITE_THEN_READ,875,875,local,1,normal,5.76,True,False
1788779294.5603788,client_A,WRITE_THEN_READ,876,876,local,1,normal,5.75,True,False
1788779294.5662763,client_A,WRITE_THEN_READ,877,877,local,1,normal,5.9,True,False
1788779294.571569,client_A,WRITE_THEN_READ,878,878,local,1,normal,5.29,True,False
1788779294.5774536,client_A,WRITE_THEN_READ,879,879,local,1,normal,5.88,True,False
1788779294.5830011,client_A,WRITE_THEN_READ,880,880,local,1,normal,5.55,True,False
1788779294.5896292,client_A,WRITE_THEN_READ,881,881,local,1,normal,6.63,True,False
1788779294.5961986,client_A,WRITE_THEN_READ,882,882,local,1,normal,6.57,True,False
1788779294.60231,client_A,WRITE_THEN_READ,883,883,local,1,normal,6.11,True,False
1788779294.609015,client_A,WRITE_THEN_READ,884,884,local,1,normal,6.71,True,False
1788779294.6153092,client_A,WRITE_THEN_READ,885,885,local,1,normal,6.29,True,False
1788779294.6224067,client_A,WRITE_THEN_READ,886,886,local,1,normal,7.1,True,False
1788779294.6281044,client_A,WRITE_THEN_READ,887,887,local,1,normal,5.7,True,False
1788779294.6341732,client_A,WRITE_THEN_READ,888,888,local,1,normal,6.07,True,False
1788779294.6391914,client_A,WRITE_THEN_READ,889,889,local,1,normal,5.02,True,False
1788779294.6451392,client_A,WRITE_THEN_READ,890,890,local,1,normal,5.95,True,False
1788779294.6506214,client_A,WRITE_THEN_READ,891,891,local,1,normal,5.48,True,False
1788779294.6562567,client_A,WRITE_THEN_READ,892,892,local,1,normal,5.64,True,False
1788779294.6626124,client_A,WRITE_THEN_READ,893,893,local,1,normal,6.36,True,False
1788779294.6683223,client_A,WRITE_THEN_READ,894,894,local,1,normal,5.71,True,False
1788779294.6745062,client_A,WRITE_THEN_READ,895,895,local,1,normal,6.18,True,False
1788779294.6806166,client_A,WRITE_THEN_READ,896,896,local,1,normal,6.11,True,False
1788779294.6867526,client_A,WRITE_THEN_READ,897,897,local,1,normal,6.14,True,False
1788779294.692481,client_A,WRITE_THEN_READ,898,898,local,1,normal,5.73,True,False
1788779294.6981137,client_A,WRITE_THEN_READ,899,899,local,1,normal,5.63,True,False
1788779294.7042286,client_A,WRITE_THEN_READ,900,900,local,1,normal,6.11,True,False
1788779294.7092938,client_A,WRITE_THEN_READ,901,901,local,1,normal,5.07,True,False
1788779294.7148626,client_A,WRITE_THEN_READ,902,902,local,1,normal,5.57,True,False
1788779294.7206738,client_A,WRITE_THEN_READ,903,903,local,1,normal,5.81,True,False
1788779294.7265515,client_A,WRITE_THEN_READ,904,904,local,1,normal,5.88,True,False
1788779294.7320027,client_A,WRITE_THEN_READ,905,905,local,1,normal,5.45,True,False
1788779294.7373128,client_A,WRITE_THEN_READ,906,906,local,1,normal,5.31,True,False
1788779294.74267,client_A,WRITE_THEN_READ,907,907,local,1,normal,5.36,True,False
1788779294.7478137,client_A,WRITE_THEN_READ,908,908,local,1,normal,5.14,True,False
1788779294.754064,client_A,WRITE_THEN_READ,909,909,local,1,normal,6.25,True,False
1788779294.7592425,client_A,WRITE_THEN_READ,910,910,local,1,normal,5.18,True,False
1788779294.764845,client_A,WRITE_THEN_READ,911,911,local,1,normal,5.6,True,False
1788779294.7702906,client_A,WRITE_THEN_READ,912,912,local,1,normal,5.45,True,False
1788779294.7762334,client_A,WRITE_THEN_READ,913,912,local,1,normal,5.94,True,True
1788779294.7819521,client_A,WRITE_THEN_READ,914,914,local,1,normal,5.72,True,False
1788779294.788145,client_A,WRITE_THEN_READ,915,915,local,1,normal,6.19,True,False
1788779294.7936008,client_A,WRITE_THEN_READ,916,916,local,1,normal,5.46,True,False
1788779294.7992182,client_A,WRITE_THEN_READ,917,917,local,1,normal,5.62,True,False
1788779294.8051062,client_A,WRITE_THEN_READ,918,918,local,1,normal,5.89,True,False
1788779294.8116677,client_A,WRITE_THEN_READ,919,919,local,1,normal,6.56,True,False
1788779294.8172815,client_A,WRITE_THEN_READ,920,920,local,1,normal,5.61,True,False
1788779294.8225367,client_A,WRITE_THEN_READ,921,921,local,1,normal,5.26,True,False
1788779294.828828,client_A,WRITE_THEN_READ,922,922,local,1,normal,6.29,True,False
1788779294.8349025,client_A,WRITE_THEN_READ,923,923,local,1,normal,6.07,True,False
1788779294.8397741,client_A,WRITE_THEN_READ,924,924,local,1,normal,4.87,True,False
1788779294.8463926,client_A,WRITE_THEN_READ,925,925,local,1,normal,6.62,True,False
1788779294.851392,client_A,WRITE_THEN_READ,926,926,local,1,normal,5.0,True,False
1788779294.8575158,client_A,WRITE_THEN_READ,927,927,local,1,normal,6.12,True,False
1788779294.8636184,client_A,WRITE_THEN_READ,928,928,local,1,normal,6.1,True,False
1788779294.8692615,client_A,WRITE_THEN_READ,929,929,local,1,normal,5.64,True,False
1788779294.8746836,client_A,WRITE_THEN_READ,930,930,local,1,normal,5.42,True,False
1788779294.8800824,client_A,WRITE_THEN_READ,931,931,local,1,normal,5.4,True,False
1788779294.885141,client_A,WRITE_THEN_READ,932,932,local,1,normal,5.06,True,False
1788779294.8909132,client_A,WRITE_THEN_READ,933,933,local,1,normal,5.77,True,False
1788779294.8972178,client_A,WRITE_THEN_READ,934,934,local,1,normal,5.79,True,False
1788779294.9023955,client_A,WRITE_THEN_READ,935,935,local,1,normal,5.18,True,False
1788779294.9083443,client_A,WRITE_THEN_READ,936,936,local,1,normal,5.95,True,False
1788779294.9134493,client_A,WRITE_THEN_READ,937,937,local,1,normal,5.11,True,False
1788779294.919479,client_A,WRITE_THEN_READ,938,938,local,1,normal,5.42,True,False
1788779294.9248674,client_A,WRITE_THEN_READ,939,939,local,1,normal,5.39,True,False
1788779294.9299226,client_A,WRITE_THEN_READ,940,940,local,1,normal,5.06,True,False
1788779294.9355319,client_A,WRITE_THEN_READ,941,941,local,1,normal,5.61,True,False
1788779294.9413033,client_A,WRITE_THEN_READ,942,942,local,1,normal,5.77,True,False
1788779294.9478133,client_A,WRITE_THEN_READ,943,943,local,1,normal,5.94,True,False
1788779294.9535875,client_A,WRITE_THEN_READ,944,944,local,1,normal,5.77,True,False
1788779294.9590616,client_A,WRITE_THEN_READ,945,945,local,1,normal,5.47,True,False
1788779294.9644573,client_A,WRITE_THEN_READ,946,946,local,1,normal,5.4,True,False
1788779294.970251,client_A,WRITE_THEN_READ,947,947,local,1,normal,5.79,True,False
1788779294.9751291,client_A,WRITE_THEN_READ,948,948,local,1,normal,4.88,True,False
1788779294.9807167,client_A,WRITE_THEN_READ,949,949,local,1,normal,5.59,True,False
1788779294.9862285,client_A,WRITE_THEN_READ,950,950,local,1,normal,5.51,True,False
1788779294.991251,client_A,WRITE_THEN_READ,951,951,local,1,normal,5.02,True,False
1788779294.997174,client_A,WRITE_THEN_READ,952,952,local,1,normal,5.92,True,False
1788779295.0027146,client_A,WRITE_THEN_READ,953,953,local,1,normal,5.54,True,False
1788779295.0084045,client_A,WRITE_THEN_READ,954,954,local,1,normal,5.69,True,False
1788779295.0144298,client_A,WRITE_THEN_READ,955,955,local,1,normal,6.03,True,False
1788779295.0203304,client_A,WRITE_THEN_READ,956,956,local,1,normal,5.9,True,False
1788779295.0259218,client_A,WRITE_THEN_READ,957,957,local,1,normal,5.59,True,False
1788779295.0319989,client_A,WRITE_THEN_READ,958,958,local,1,normal,6.08,True,False
1788779295.0371938,client_A,WRITE_THEN_READ,959,959,local,1,normal,5.19,True,False
1788779295.0429585,client_A,WRITE_THEN_READ,960,960,local,1,normal,5.26,True,False
1788779295.0481608,client_A,WRITE_THEN_READ,961,961,local,1,normal,5.2,True,False
1788779295.0531611,client_A,WRITE_THEN_READ,962,962,local,1,normal,5.0,True,False
1788779295.0585725,client_A,WRITE_THEN_READ,963,963,local,1,normal,4.81,True,False
1788779295.0645225,client_A,WRITE_THEN_READ,964,964,local,1,normal,5.95,True,False
1788779295.0695798,client_A,WRITE_THEN_READ,965,965,local,1,normal,5.06,True,False
1788779295.0748065,client_A,WRITE_THEN_READ,966,966,local,1,normal,5.23,True,False
1788779295.0800908,client_A,WRITE_THEN_READ,967,967,local,1,normal,5.28,True,False
1788779295.0853143,client_A,WRITE_THEN_READ,968,968,local,1,normal,5.22,True,False
1788779295.091684,client_A,WRITE_THEN_READ,969,969,local,1,normal,6.37,True,False
1788779295.0971887,client_A,WRITE_THEN_READ,970,970,local,1,normal,5.5,True,False
1788779295.1027792,client_A,WRITE_THEN_READ,971,971,local,1,normal,5.59,True,False
1788779295.1083007,client_A,WRITE_THEN_READ,972,972,local,1,normal,5.52,True,False
1788779295.1143115,client_A,WRITE_THEN_READ,973,973,local,1,normal,6.01,True,False
1788779295.1191611,client_A,WRITE_THEN_READ,974,974,local,1,normal,4.85,True,False
1788779295.1249387,client_A,WRITE_THEN_READ,975,975,local,1,normal,5.78,True,False
1788779295.1310437,client_A,WRITE_THEN_READ,976,976,local,1,normal,6.1,True,False
1788779295.1371257,client_A,WRITE_THEN_READ,977,977,local,1,normal,6.08,True,False
1788779295.143788,client_A,WRITE_THEN_READ,978,978,local,1,normal,6.66,True,False
1788779295.1501517,client_A,WRITE_THEN_READ,979,979,local,1,normal,6.36,True,False
1788779295.157349,client_A,WRITE_THEN_READ,980,980,local,1,normal,7.2,True,False
1788779295.163408,client_A,WRITE_THEN_READ,981,981,local,1,normal,6.06,True,False
1788779295.1702054,client_A,WRITE_THEN_READ,982,982,local,1,normal,6.8,True,False
1788779295.1767168,client_A,WRITE_THEN_READ,983,983,local,1,normal,6.51,True,False
1788779295.1832664,client_A,WRITE_THEN_READ,984,984,local,1,normal,6.55,True,False
1788779295.189554,client_A,WRITE_THEN_READ,985,985,local,1,normal,6.29,True,False
1788779295.195602,client_A,WRITE_THEN_READ,986,986,local,1,normal,6.05,True,False
1788779295.2011814,client_A,WRITE_THEN_READ,987,987,local,1,normal,5.58,True,False
1788779295.2078366,client_A,WRITE_THEN_READ,988,988,local,1,normal,6.66,True,False
1788779295.214704,client_A,WRITE_THEN_READ,989,989,local,1,normal,6.87,True,False
1788779295.2217681,client_A,WRITE_THEN_READ,990,990,local,1,normal,7.06,True,False
1788779295.2282133,client_A,WRITE_THEN_READ,991,991,local,1,normal,6.45,True,False
1788779295.2356045,client_A,WRITE_THEN_READ,992,992,local,1,normal,7.39,True,False
1788779295.2420251,client_A,WRITE_THEN_READ,993,993,local,1,normal,6.42,True,False
1788779295.2479951,client_A,WRITE_THEN_READ,994,994,local,1,normal,5.97,True,False
1788779295.2541125,client_A,WRITE_THEN_READ,995,995,local,1,normal,6.12,True,False
1788779295.2603805,client_A,WRITE_THEN_READ,996,996,local,1,normal,6.27,True,False
1788779295.2669237,client_A,WRITE_THEN_READ,997,997,local,1,normal,6.54,True,False
1788779295.2734969,client_A,WRITE_THEN_READ,998,997,local,1,normal,6.57,True,True
1788779295.2793024,client_A,WRITE_THEN_READ,999,999,local,1,normal,5.81,True,False
1788779295.2855172,client_A,WRITE_THEN_READ,1000,1000,local,1,normal,6.21,True,False
